Actvitiy,x,y,z,Cluster,Activity_raw,Cluster_Name
0,0.0,0.0,0.0,8,Bicycling,Cluster 8: Low-Actvitiy / Home Activities
0,0.0188714570381351,-0.0072070389131386,0.0021803321813836,8,Bicycling,Cluster 8: Low-Actvitiy / Home Activities
0,0.0732987131658503,-0.0479936218541794,-0.0331983913139038,2,Bicycling,Cluster 2: Low-Actvitiy / Occupation
0,0.0413302097051813,-0.0179413503395592,0.0225656224160524,1,Bicycling,Cluster 1: Low-Actvitiy / Conditioning Exercise
1,0.0548505106758177,0.0453627262930289,0.0130769564472437,1,Conditioning Exercise,Cluster 1: Low-Actvitiy / Conditioning Exercise
1,0.0548505106758177,0.0453627262930289,0.0130769564472437,1,Conditioning Exercise,Cluster 1: Low-Actvitiy / Conditioning Exercise
1,0.0649976379940137,0.019569112828393,0.0586993277039521,3,Conditioning Exercise,Cluster 3: Low-Actvitiy / Conditioning Exercise
1,0.1082009711101824,-0.0731856481928617,-0.018287110525737,2,Conditioning Exercise,Cluster 2: Low-Actvitiy / Occupation
1,0.0803054761230538,0.0129202990542912,0.0559187547092542,3,Conditioning Exercise,Cluster 3: Low-Actvitiy / Conditioning Exercise
1,0.0621610351167003,0.0252810502130384,0.028048672464416,1,Conditioning Exercise,Cluster 1: Low-Actvitiy / Conditioning Exercise
1,0.0554751653698913,0.002948632513589,0.0624661979233159,3,Conditioning Exercise,Cluster 3: Low-Actvitiy / Conditioning Exercise
1,0.0918400537848625,-0.0022163760042565,0.0501780923983563,3,Conditioning Exercise,Cluster 3: Low-Actvitiy / Conditioning Exercise
1,-4.000705002171776e-07,-4.702685887452026e-06,-7.834749537341708e-06,8,Conditioning Exercise,Cluster 8: Low-Actvitiy / Home Activities
1,0.0698161116619297,0.0323538486196634,0.0281412751676694,1,Conditioning Exercise,Cluster 1: Low-Actvitiy / Conditioning Exercise
1,0.0344574649225038,-0.0013449862963027,0.0250304273286976,1,Conditioning Exercise,Cluster 1: Low-Actvitiy / Conditioning Exercise
1,4.4611184292294335e-08,-5.692327864538655e-06,-1.0246053536379184e-05,8,Conditioning Exercise,Cluster 8: Low-Actvitiy / Home Activities
1,0.0051319155059297,-0.0031334952277556,-0.0019376671033121,8,Conditioning Exercise,Cluster 8: Low-Actvitiy / Home Activities
1,0.0165389520000523,0.0221627089593366,-0.0032039405967171,1,Conditioning Exercise,Cluster 1: Low-Actvitiy / Conditioning Exercise
1,0.0346393717446061,0.0195250030408027,-0.004416233404374,1,Conditioning Exercise,Cluster 1: Low-Actvitiy / Conditioning Exercise
1,0.1020343641017584,0.0400248061177674,0.0442586730020471,3,Conditioning Exercise,Cluster 3: Low-Actvitiy / Conditioning Exercise
1,0.0468241638312341,0.0062546400464941,0.0246537609086181,1,Conditioning Exercise,Cluster 1: Low-Actvitiy / Conditioning Exercise
1,0.0607955666241529,-0.0068464953742763,0.0459230546753621,3,Conditioning Exercise,Cluster 3: Low-Actvitiy / Conditioning Exercise
1,0.0539633330019448,0.0072367434868253,0.0284072986459932,1,Conditioning Exercise,Cluster 1: Low-Actvitiy / Conditioning Exercise
1,0.1469854036207847,-0.0334977120884686,0.0461171432051159,3,Conditioning Exercise,Cluster 3: Low-Actvitiy / Conditioning Exercise
1,0.0435021194201759,0.0208317686787863,-0.006839394312569,1,Conditioning Exercise,Cluster 1: Low-Actvitiy / Conditioning Exercise
1,0.095425904086919,-0.0098932109104645,0.0544870095871804,3,Conditioning Exercise,Cluster 3: Low-Actvitiy / Conditioning Exercise
1,0.0378930180268486,0.0212538143828835,-0.0105582717855925,1,Conditioning Exercise,Cluster 1: Low-Actvitiy / Conditioning Exercise
1,0.0615760076843564,0.0079954689000175,-0.018491017032572,1,Conditioning Exercise,Cluster 1: Low-Actvitiy / Conditioning Exercise
1,0.0378930836850969,0.0212539751124271,-0.0105590773961111,1,Conditioning Exercise,Cluster 1: Low-Actvitiy / Conditioning Exercise
1,0.0378930228635396,0.0212537302062748,-0.0105579023598333,1,Conditioning Exercise,Cluster 1: Low-Actvitiy / Conditioning Exercise
1,0.0596598487526499,0.033884434211762,-0.016192185918146,1,Conditioning Exercise,Cluster 1: Low-Actvitiy / Conditioning Exercise
1,0.0614097475478229,0.0028357450994633,0.049784022986998,3,Conditioning Exercise,Cluster 3: Low-Actvitiy / Conditioning Exercise
1,0.0011875329867776,-0.0004356512835558,0.0006746039524943,8,Conditioning Exercise,Cluster 8: Low-Actvitiy / Home Activities
1,0.0837419380506629,0.0097675247340065,0.0591061857544477,3,Conditioning Exercise,Cluster 3: Low-Actvitiy / Conditioning Exercise
1,0.0806515376067567,-0.0406565248898133,0.0489649936030733,3,Conditioning Exercise,Cluster 3: Low-Actvitiy / Conditioning Exercise
1,0.0,0.0,0.0,8,Conditioning Exercise,Cluster 8: Low-Actvitiy / Home Activities
1,0.0867087123057278,-0.0452843250852556,0.0449165947689971,3,Conditioning Exercise,Cluster 3: Low-Actvitiy / Conditioning Exercise
1,0.0802771666735092,0.0291848832870981,0.0561628566459148,3,Conditioning Exercise,Cluster 3: Low-Actvitiy / Conditioning Exercise
1,0.0200783721092814,0.0223735200440972,0.0122790801709925,1,Conditioning Exercise,Cluster 1: Low-Actvitiy / Conditioning Exercise
1,0.0611137984080749,-0.0174478623644228,-0.0244618095558032,6,Conditioning Exercise,Cluster 6: Low-Actvitiy / Home Activities
1,0.0922079760297503,-0.0005459496757935,0.0680211836425221,3,Conditioning Exercise,Cluster 3: Low-Actvitiy / Conditioning Exercise
2,0.0065019674554057,0.0017320124253271,0.0025112003695696,8,Conditioning Exercise,Cluster 8: Low-Actvitiy / Home Activities
2,0.0081282869751135,0.0029080695848583,0.0021337181567825,8,Conditioning Exercise,Cluster 8: Low-Actvitiy / Home Activities
2,0.1615309967721518,-0.078162308632884,-0.041663479909763,2,Conditioning Exercise,Cluster 2: Low-Actvitiy / Occupation
2,0.0,0.0,0.0,8,Conditioning Exercise,Cluster 8: Low-Actvitiy / Home Activities
2,0.0301502770938452,0.0140102697510706,0.0027480699801872,1,Conditioning Exercise,Cluster 1: Low-Actvitiy / Conditioning Exercise
2,0.0331531942113486,-0.0070515962660787,-0.0011754384264083,8,Conditioning Exercise,Cluster 8: Low-Actvitiy / Home Activities
2,0.0505771897661131,0.0046571248278424,0.0004146605497912,1,Conditioning Exercise,Cluster 1: Low-Actvitiy / Conditioning Exercise
2,0.1531848851158391,-0.0195633237791512,-0.0045970444051992,2,Conditioning Exercise,Cluster 2: Low-Actvitiy / Occupation
2,0.045011122162506,0.0161457306058737,0.0123762260749374,1,Conditioning Exercise,Cluster 1: Low-Actvitiy / Conditioning Exercise
2,0.042471624371913,0.0152664508351343,0.0117030961048351,1,Conditioning Exercise,Cluster 1: Low-Actvitiy / Conditioning Exercise
2,0.0507746554281954,0.0055791908178439,0.0152997237180283,1,Conditioning Exercise,Cluster 1: Low-Actvitiy / Conditioning Exercise
2,0.0252320014018871,0.0032282210266297,0.0139777855496497,8,Conditioning Exercise,Cluster 8: Low-Actvitiy / Home Activities
2,0.0071373276575715,-0.0029615083777661,-0.0003322829692844,8,Conditioning Exercise,Cluster 8: Low-Actvitiy / Home Activities
2,0.006603564325634,-0.0027601185682366,-0.0003378802762027,8,Conditioning Exercise,Cluster 8: Low-Actvitiy / Home Activities
2,0.0675077771541391,0.0456779237318646,0.0017027886236165,1,Conditioning Exercise,Cluster 1: Low-Actvitiy / Conditioning Exercise
2,0.0210950157561101,-0.0082636447395164,-0.000325032187075,8,Conditioning Exercise,Cluster 8: Low-Actvitiy / Home Activities
2,0.0568510996343864,0.0379885861594235,0.0014375567291492,1,Conditioning Exercise,Cluster 1: Low-Actvitiy / Conditioning Exercise
2,0.0276088693554733,-0.0130330533906629,0.0086572166343306,8,Dancing,Cluster 8: Low-Actvitiy / Home Activities
2,0.0443819849304068,-0.0304663764979328,0.0274970061011452,3,Dancing,Cluster 3: Low-Actvitiy / Conditioning Exercise
2,0.0186514615428331,-0.008864738738272,0.0011550664070368,8,Dancing,Cluster 8: Low-Actvitiy / Home Activities
2,0.0546292576566905,0.0279061058364848,0.003594308805868,1,Dancing,Cluster 1: Low-Actvitiy / Conditioning Exercise
2,0.0943965756007399,0.0046932074196393,-0.0106535665305217,1,Dancing,Cluster 1: Low-Actvitiy / Conditioning Exercise
2,0.0705158443465178,0.0108985544378655,0.0511696606428696,3,Dancing,Cluster 3: Low-Actvitiy / Conditioning Exercise
3,0.071838191312053,0.0110776280948835,-0.0242935428380264,1,Dancing,Cluster 1: Low-Actvitiy / Conditioning Exercise
3,0.0622959883929918,0.0100135735852494,-0.0015767589532115,1,Dancing,Cluster 1: Low-Actvitiy / Conditioning Exercise
3,0.0429132060014884,-0.0046859746328014,-0.0146864245202959,6,Dancing,Cluster 6: Low-Actvitiy / Home Activities
3,0.0230032143534694,-0.006706016069418,-0.0187171621109617,8,Dancing,Cluster 8: Low-Actvitiy / Home Activities
3,0.0021542051823136,0.0002447043117228,-0.0012016657883615,8,Dancing,Cluster 8: Low-Actvitiy / Home Activities
3,0.0010835049274835,-0.0003673543932194,-0.0014364890744365,8,Dancing,Cluster 8: Low-Actvitiy / Home Activities
3,0.0633190744042557,-0.0654983711774826,-0.0081226115546909,2,Dancing,Cluster 2: Low-Actvitiy / Occupation
3,0.0190091554816619,-0.0070547540670048,0.0325110904030409,8,Dancing,Cluster 8: Low-Actvitiy / Home Activities
3,0.0820864464612883,-0.0711261165687127,0.0181646402862541,2,Dancing,Cluster 2: Low-Actvitiy / Occupation
3,0.0008918675169082,-0.0006098362958276,0.0086751609830367,8,Dancing,Cluster 8: Low-Actvitiy / Home Activities
3,0.02770773969364,-0.0294522480324524,-0.0057796539163528,6,Dancing,Cluster 6: Low-Actvitiy / Home Activities
4,0.0277545045423098,-0.0092683379784274,-0.0238555479804815,6,Dancing,Cluster 6: Low-Actvitiy / Home Activities
4,0.0157984573287533,0.020164769625271,-0.0043195633991528,8,Dancing,Cluster 8: Low-Actvitiy / Home Activities
4,0.0476815219248572,-0.0162078153353593,-0.0443312507044837,6,Dancing,Cluster 6: Low-Actvitiy / Home Activities
4,0.0437267843872865,-0.0244615883880146,-0.0293503583343037,6,Dancing,Cluster 6: Low-Actvitiy / Home Activities
4,0.0492107390720911,-0.0120772864804085,-0.0314344229474858,6,Dancing,Cluster 6: Low-Actvitiy / Home Activities
4,0.0257194734000854,-0.0153494204699078,-0.0152983407967483,6,Dancing,Cluster 6: Low-Actvitiy / Home Activities
4,-2.026086828587956e-07,2.997183944394934e-06,-1.0763858685408877e-06,8,Dancing,Cluster 8: Low-Actvitiy / Home Activities
4,0.0345761395328131,-0.0003482353243343,-0.0163518921612886,6,Fishing & Hunting,Cluster 6: Low-Actvitiy / Home Activities
4,0.0659750111376425,-0.0627444494979662,-0.0302029505741674,2,Fishing & Hunting,Cluster 2: Low-Actvitiy / Occupation
4,0.0250966353126346,-0.0283396816375336,-0.0175987644626536,6,Fishing & Hunting,Cluster 6: Low-Actvitiy / Home Activities
4,0.0183254590695929,-0.0015390194814105,-0.0109799842396065,8,Fishing & Hunting,Cluster 8: Low-Actvitiy / Home Activities
4,0.0720476362965625,-0.0435608554351176,-0.0425157657721982,2,Fishing & Hunting,Cluster 2: Low-Actvitiy / Occupation
4,0.0882178781997392,-0.0645076325684768,-0.0685067883834871,2,Fishing & Hunting,Cluster 2: Low-Actvitiy / Occupation
4,0.0018303815604944,-0.0004318171031733,-0.002455961983831,8,Fishing & Hunting,Cluster 8: Low-Actvitiy / Home Activities
4,0.0257289609830432,-0.0168421179461573,-0.0196377768989128,6,Fishing & Hunting,Cluster 6: Low-Actvitiy / Home Activities
4,0.0080090317665679,-0.0085610835385973,-0.0061023298423764,8,Fishing & Hunting,Cluster 8: Low-Actvitiy / Home Activities
4,0.007273192352737,-0.0099911844774282,-0.0049725872103797,8,Fishing & Hunting,Cluster 8: Low-Actvitiy / Home Activities
4,0.0877431661984571,-0.0536504852709353,-0.0666880716648991,2,Fishing & Hunting,Cluster 2: Low-Actvitiy / Occupation
4,0.000768256894359,-0.0014677153922273,-0.0008528386904777,8,Fishing & Hunting,Cluster 8: Low-Actvitiy / Home Activities
4,0.0739178768833442,-0.0431578721057102,-0.0444463155312272,2,Home Activities,Cluster 2: Low-Actvitiy / Occupation
4,2.4873926219825654e-07,2.7652385154202853e-06,-7.112813974171234e-06,8,Home Activities,Cluster 8: Low-Actvitiy / Home Activities
5,0.0196110033852403,-0.0224680481728009,-0.0145007942069628,6,Home Activities,Cluster 6: Low-Actvitiy / Home Activities
5,0.0764305319875529,-0.0214156984403133,-0.01130330236794,6,Home Activities,Cluster 6: Low-Actvitiy / Home Activities
5,0.0330257516430527,-0.036611475679576,-0.0246285130293517,6,Home Activities,Cluster 6: Low-Actvitiy / Home Activities
5,0.0338774417640549,-0.0260034617901108,-0.0253365633033701,6,Home Activities,Cluster 6: Low-Actvitiy / Home Activities
5,1.4252855289519575e-05,0.0001965120405546,-0.000501642058797,8,Home Activities,Cluster 8: Low-Actvitiy / Home Activities
5,1.4252855289519575e-05,0.0001965120405546,-0.000501642058797,8,Home Activities,Cluster 8: Low-Actvitiy / Home Activities
5,0.0491922865892046,-0.0083265434669025,-0.0389246052335042,6,Home Activities,Cluster 6: Low-Actvitiy / Home Activities
5,0.0106791784094849,-0.0107583708933119,-0.0082769203730419,8,Home Activities,Cluster 8: Low-Actvitiy / Home Activities
5,0.0159658390678977,0.0043977661453923,-0.0071164591531363,8,Home Activities,Cluster 8: Low-Actvitiy / Home Activities
5,0.0273075248263992,-0.0262587976606542,-0.0030817890978574,6,Home Activities,Cluster 6: Low-Actvitiy / Home Activities
5,-4.112254881803397e-07,-2.0938170090862817e-06,-8.264792340899083e-07,8,Home Activities,Cluster 8: Low-Actvitiy / Home Activities
5,0.0094547403866395,0.0047248162500746,-0.0045926722191309,8,Home Activities,Cluster 8: Low-Actvitiy / Home Activities
5,0.001224331844194,-0.0012418360642925,-0.0004388645997287,8,Home Activities,Cluster 8: Low-Actvitiy / Home Activities
5,-4.582810673605094e-07,-1.859504120437823e-07,-4.6427774109828e-06,8,Home Activities,Cluster 8: Low-Actvitiy / Home Activities
5,0.0330196171566148,-0.0420447001591655,-0.0225711448249783,6,Home Activities,Cluster 6: Low-Actvitiy / Home Activities
5,0.001392003535056,-0.0017950575730003,-0.0020486042608698,8,Home Activities,Cluster 8: Low-Actvitiy / Home Activities
5,-9.018491317719276e-07,-3.579363435988545e-06,1.5937574296639569e-06,8,Home Activities,Cluster 8: Low-Actvitiy / Home Activities
5,0.04589785818885,-0.0272989389913051,-0.0207884516801207,6,Home Activities,Cluster 6: Low-Actvitiy / Home Activities
5,0.0271968385203812,-0.0347730334948203,-0.0173886026735274,6,Home Activities,Cluster 6: Low-Actvitiy / Home Activities
5,0.0125294228965068,-0.0110119518347205,-0.0023150961276074,8,Home Activities,Cluster 8: Low-Actvitiy / Home Activities
5,0.0115026199990464,-0.0078140602267992,0.0094215847301343,8,Home Activities,Cluster 8: Low-Actvitiy / Home Activities
5,0.0171652326210569,-0.0063742612581698,-0.014283993590296,8,Home Activities,Cluster 8: Low-Actvitiy / Home Activities
5,0.0326883398457092,-0.0168049140022217,-0.0230050499061444,6,Home Activities,Cluster 6: Low-Actvitiy / Home Activities
5,0.0011282878060983,0.0001602633418774,-0.0003731762220947,8,Home Activities,Cluster 8: Low-Actvitiy / Home Activities
6,0.0083120191294157,-0.0100055029591587,-0.0022803801943569,8,Home Activities,Cluster 8: Low-Actvitiy / Home Activities
6,0.0093438543923728,-0.0046634366058577,-0.0041472233029183,8,Home Activities,Cluster 8: Low-Actvitiy / Home Activities
6,0.018234913557693,-0.0130357033606881,-0.000369665921153,8,Home Activities,Cluster 8: Low-Actvitiy / Home Activities
6,0.0,0.0,0.0,8,Home Activities,Cluster 8: Low-Actvitiy / Home Activities
6,0.00842489214907,-0.0121544597177042,-0.004232433253724,8,Home Activities,Cluster 8: Low-Actvitiy / Home Activities
6,0.0134002807141521,-0.0165812667463727,-0.0080484596573772,8,Home Activities,Cluster 8: Low-Actvitiy / Home Activities
6,0.000990093188227,-0.0016601949477113,-0.0011063404218723,8,Home Activities,Cluster 8: Low-Actvitiy / Home Activities
6,1.0724542401049426e-06,3.307795574968653e-06,-4.133382776461879e-06,8,Home Activities,Cluster 8: Low-Actvitiy / Home Activities
7,0.0299218724631325,-0.0310299963831283,-0.0152540887763066,6,Home Repair,Cluster 6: Low-Actvitiy / Home Activities
7,0.0162582691148779,-0.0113853609652266,0.0003814644152304,8,Home Repair,Cluster 8: Low-Actvitiy / Home Activities
7,0.026716049915507,-0.0261800297531136,-0.0128506234474736,6,Home Repair,Cluster 6: Low-Actvitiy / Home Activities
7,0.0240975761263596,-0.0238153213998888,-0.0095375732530841,6,Home Repair,Cluster 6: Low-Actvitiy / Home Activities
7,0.0797416026667958,-0.0411974294082035,-0.0259310138415088,2,Home Repair,Cluster 2: Low-Actvitiy / Occupation
7,5.550792265861092e-07,-4.3340079568879065e-07,-7.528140407948371e-06,8,Home Repair,Cluster 8: Low-Actvitiy / Home Activities
7,0.015864346660564,-0.0106737234561158,0.0097158834665905,8,Home Repair,Cluster 8: Low-Actvitiy / Home Activities
7,0.0017299450266807,-0.0015761780814325,-0.0004597446603648,8,Home Repair,Cluster 8: Low-Actvitiy / Home Activities
7,0.046255432858417,-0.0486120667235718,-0.0219672809162846,6,Home Repair,Cluster 6: Low-Actvitiy / Home Activities
7,0.0082407042627772,-0.0068284075857958,0.0012848622556153,8,Home Repair,Cluster 8: Low-Actvitiy / Home Activities
7,0.0240809566409607,0.0156130141809297,-0.0058647289201844,8,Home Repair,Cluster 8: Low-Actvitiy / Home Activities
7,0.0062659224791972,-0.0065221301610131,-0.0030897927468538,8,Home Repair,Cluster 8: Low-Actvitiy / Home Activities
7,0.0080012907915641,-0.0039982933605711,0.0111935539294284,8,Home Repair,Cluster 8: Low-Actvitiy / Home Activities
7,0.0490825389430923,-0.0320145106363951,-0.0197435635703481,6,Home Repair,Cluster 6: Low-Actvitiy / Home Activities
7,0.0634591458559037,-0.0432837328643127,-0.0059825360745922,6,Home Repair,Cluster 6: Low-Actvitiy / Home Activities
7,0.1047935038450968,-0.0770359261293013,-0.022488659569048,2,Home Repair,Cluster 2: Low-Actvitiy / Occupation
7,0.0517921013728262,-0.0197210454970713,-0.0195375493864144,6,Home Repair,Cluster 6: Low-Actvitiy / Home Activities
8,0.0373117725761033,-0.0304089745791903,-0.0164761045736328,6,Home Repair,Cluster 6: Low-Actvitiy / Home Activities
8,0.0631673411784021,-0.0667274765798585,-0.0161380953496449,2,Home Repair,Cluster 2: Low-Actvitiy / Occupation
8,0.0237048595618343,0.0095842599827763,-0.0074989184241366,8,Home Repair,Cluster 8: Low-Actvitiy / Home Activities
8,0.0214997751886964,0.0258925321061934,-0.0112624889916949,7,Home Repair,Cluster 7: High-Actvitiy / Occupation
9,0.0009792992351453,0.0007825953089595,-0.0002492300943998,8,Home Repair,Cluster 8: Low-Actvitiy / Home Activities
9,0.0735882355253318,-0.0719396833634055,-0.0038138524846554,2,Home Repair,Cluster 2: Low-Actvitiy / Occupation
10,0.0655623926108563,-0.0323670958146134,0.0634455047207616,5,Home Repair,Cluster 5: High-Actvitiy / Sports
10,0.0597147882293476,-0.0246824019370252,0.0525231661661763,5,Inactivity,Cluster 5: High-Actvitiy / Sports
10,-2.9587853366821254e-07,-2.3462749691796413e-06,-2.0997479481216232e-05,8,Inactivity,Cluster 8: Low-Actvitiy / Home Activities
10,0.0055972543153855,-0.0050395217280728,-0.0030839540849564,8,Inactivity,Cluster 8: Low-Actvitiy / Home Activities
10,0.0,0.0,0.0,8,Inactivity,Cluster 8: Low-Actvitiy / Home Activities
10,0.0486500597441039,-0.0433177478043422,-0.0033842890603704,6,Inactivity,Cluster 6: Low-Actvitiy / Home Activities
10,0.0789029542525736,-0.0767451665874363,-0.007499514805987,2,Inactivity,Cluster 2: Low-Actvitiy / Occupation
10,0.0802748801447399,-0.0674678825066969,-0.0391741112340605,2,Inactivity,Cluster 2: Low-Actvitiy / Occupation
10,0.0446172768057292,-0.0077899169290415,-0.0283753051765821,6,Inactivity,Cluster 6: Low-Actvitiy / Home Activities
10,0.0697143888576971,-0.0318073856317552,-0.0518571439593255,6,Inactivity,Cluster 6: Low-Actvitiy / Home Activities
10,0.0413459477850318,0.0409923715158231,0.0002737213552155,7,Lawn & Garden,Cluster 7: High-Actvitiy / Occupation
10,0.037224818121259,0.0408999705426579,-0.0069667546678866,7,Lawn & Garden,Cluster 7: High-Actvitiy / Occupation
10,0.0,0.0,0.0,8,Lawn & Garden,Cluster 8: Low-Actvitiy / Home Activities
10,0.0332976661589941,-0.0210160533934844,-0.0198553735154261,6,Lawn & Garden,Cluster 6: Low-Actvitiy / Home Activities
10,0.0062989530197688,0.0021800517795592,0.0082740148192817,8,Lawn & Garden,Cluster 8: Low-Actvitiy / Home Activities
10,0.0282345392411538,0.0031081181035831,-0.0055135765025309,7,Lawn & Garden,Cluster 7: High-Actvitiy / Occupation
10,0.0044354697625979,0.0065170101282466,-0.001351216151337,8,Lawn & Garden,Cluster 8: Low-Actvitiy / Home Activities
10,0.0408070621107898,-0.0328823266481093,-0.0165602509801484,6,Lawn & Garden,Cluster 6: Low-Actvitiy / Home Activities
10,0.0474014972573037,-0.0236448554127072,-0.0430373551092775,6,Lawn & Garden,Cluster 6: Low-Actvitiy / Home Activities
10,0.0309421476825123,-0.0233445239444872,-0.0292599238068814,6,Lawn & Garden,Cluster 6: Low-Actvitiy / Home Activities
10,0.0598162469257416,0.0237454792348233,0.0081334264208356,7,Lawn & Garden,Cluster 7: High-Actvitiy / Occupation
10,0.0543515451132669,-0.0001748003083762,-0.0438695354958499,6,Lawn & Garden,Cluster 6: Low-Actvitiy / Home Activities
10,0.0288989682796289,-0.0234313348162974,-0.0150461959591845,6,Lawn & Garden,Cluster 6: Low-Actvitiy / Home Activities
10,0.0301264410283011,-0.0213894979313823,-0.0221110430685202,6,Lawn & Garden,Cluster 6: Low-Actvitiy / Home Activities
10,0.033813890005749,0.0084454332454188,-0.0062520735271733,7,Lawn & Garden,Cluster 7: High-Actvitiy / Occupation
10,0.0326413853684087,0.0196024346287717,0.0109246381907423,7,Lawn & Garden,Cluster 7: High-Actvitiy / Occupation
10,0.036089434995453,0.0058261041951652,-0.0143111012719441,7,Lawn & Garden,Cluster 7: High-Actvitiy / Occupation
10,5.509182985595784e-07,-6.269438717697153e-06,-1.7742572922315994e-05,8,Lawn & Garden,Cluster 8: Low-Actvitiy / Home Activities
10,0.0025733526307757,-0.0024424738180693,-0.0024245646986598,8,Lawn & Garden,Cluster 8: Low-Actvitiy / Home Activities
10,0.0450354878244669,-0.0164402888321913,-0.0339760976389183,6,Lawn & Garden,Cluster 6: Low-Actvitiy / Home Activities
10,0.0321635739918393,0.0331095878423195,-0.0179167346437363,7,Miscellaneous,Cluster 7: High-Actvitiy / Occupation
10,0.0167265220388052,-0.0028722148164386,0.061173316838566,5,Miscellaneous,Cluster 5: High-Actvitiy / Sports
10,0.0156282997368519,-0.0008326632138439,0.0522245423504675,5,Miscellaneous,Cluster 5: High-Actvitiy / Sports
10,0.0137130213528566,0.0004266366317397,-0.0096777962345602,8,Miscellaneous,Cluster 8: Low-Actvitiy / Home Activities
10,0.0158997547480007,0.0053734653253485,-0.0062425113011622,8,Miscellaneous,Cluster 8: Low-Actvitiy / Home Activities
10,0.0087672433805834,-0.0109788851703829,-0.0060916943144756,8,Miscellaneous,Cluster 8: Low-Actvitiy / Home Activities
10,-5.995038344744804e-07,-3.992020084121203e-06,-2.7643971995604426e-06,8,Miscellaneous,Cluster 8: Low-Actvitiy / Home Activities
10,4.566097397835878e-07,-4.257620824237327e-07,1.4605595369141355e-05,8,Miscellaneous,Cluster 8: Low-Actvitiy / Home Activities
10,0.0007157740369323,-0.0007136104115298,-0.0009270118552317,8,Music Playing,Cluster 8: Low-Actvitiy / Home Activities
10,0.0066900475437837,-0.0048125833102828,0.0019263925842299,8,Music Playing,Cluster 8: Low-Actvitiy / Home Activities
10,0.0081807580709117,-0.0094253473169042,0.001078610707868,8,Music Playing,Cluster 8: Low-Actvitiy / Home Activities
10,0.042972761397813,-0.0424347906794626,-0.0121691489598612,6,Music Playing,Cluster 6: Low-Actvitiy / Home Activities
10,0.0430340834182687,-0.0336553616751763,-0.0108944186426977,6,Music Playing,Cluster 6: Low-Actvitiy / Home Activities
10,0.0216497350217226,0.0290225103030228,0.0004383463630125,7,Occupation,Cluster 7: High-Actvitiy / Occupation
10,0.0645418826781221,-0.0686214806302786,-0.0126915127985311,2,Occupation,Cluster 2: Low-Actvitiy / Occupation
10,0.0776102825480089,-0.0821891383831018,-0.0149483123012926,2,Occupation,Cluster 2: Low-Actvitiy / Occupation
10,0.0743493849334302,-0.0770157199539653,-0.015652993162092,2,Occupation,Cluster 2: Low-Actvitiy / Occupation
10,0.0111631293357698,-0.0114062803124523,-0.0071179610727388,8,Occupation,Cluster 8: Low-Actvitiy / Home Activities
10,0.0153872189251806,-0.0124235533758761,-0.0062271245042404,8,Occupation,Cluster 8: Low-Actvitiy / Home Activities
10,0.0295742502924895,-0.0009938057933515,-0.0239226504777724,6,Occupation,Cluster 6: Low-Actvitiy / Home Activities
10,0.0543180090120797,-0.0059864538809485,-0.0433491387625912,6,Occupation,Cluster 6: Low-Actvitiy / Home Activities
10,0.1027002086781445,-0.0779686666848342,-0.0290060126037227,2,Occupation,Cluster 2: Low-Actvitiy / Occupation
10,0.0316931421679095,0.0235733710668386,-0.0126123439489005,7,Occupation,Cluster 7: High-Actvitiy / Occupation
10,0.043661006146075,0.0098775831021739,-0.0150714846888543,7,Occupation,Cluster 7: High-Actvitiy / Occupation
10,0.05274598603245,0.0164183513505247,-0.0229241056462501,7,Occupation,Cluster 7: High-Actvitiy / Occupation
10,0.0284970553490521,0.0202865860109101,-0.0109121261932004,7,Occupation,Cluster 7: High-Actvitiy / Occupation
10,0.0146821347633855,-0.0083473844076672,-0.0072562447678996,8,Occupation,Cluster 8: Low-Actvitiy / Home Activities
10,0.0311746007479632,-0.006368155019857,-0.0123190081635147,6,Occupation,Cluster 6: Low-Actvitiy / Home Activities
10,0.0489149907273081,-0.0416877137792823,-0.0138512518046164,6,Occupation,Cluster 6: Low-Actvitiy / Home Activities
10,0.0600858821123926,-0.0500365465105445,-0.0098433737453373,2,Occupation,Cluster 2: Low-Actvitiy / Occupation
10,0.0402821431869938,-0.0482708644478721,-0.0325795266510658,6,Occupation,Cluster 6: Low-Actvitiy / Home Activities
10,0.0296078309508741,-0.0354003179660758,-0.0272507159646111,6,Occupation,Cluster 6: Low-Actvitiy / Home Activities
10,0.0054780360960427,0.00036442216769,-0.001803948701463,8,Occupation,Cluster 8: Low-Actvitiy / Home Activities
10,0.018569619571992,-0.0163293188198768,0.0062818361256281,8,Occupation,Cluster 8: Low-Actvitiy / Home Activities
12,0.008136727779098,0.0102870838452881,0.0078949447984847,0,Occupation,Cluster 0: High-Actvitiy / Sports
12,0.0087815467888857,0.0106820587189962,0.0082245867006963,0,Occupation,Cluster 0: High-Actvitiy / Sports
15,0.0094693226818772,0.0027954565092505,-0.0023722872478949,0,Occupation,Cluster 0: High-Actvitiy / Sports
15,0.0365593056292071,0.0252402027208307,0.028864962903836,4,Occupation,Cluster 4: High-Actvitiy / Sports
15,0.0011243249884604,-8.080000083229437e-05,0.0011740281062088,0,Occupation,Cluster 0: High-Actvitiy / Sports
15,0.0061787236227992,-0.0059500060753575,0.0024837415321918,0,Occupation,Cluster 0: High-Actvitiy / Sports
15,0.0025914743876186,-0.0014224093203538,0.0022529882568454,0,Occupation,Cluster 0: High-Actvitiy / Sports
15,0.0,0.0,0.0,0,Occupation,Cluster 0: High-Actvitiy / Sports
15,0.011324788493885,-0.0078700605393825,0.0017653258916932,0,Occupation,Cluster 0: High-Actvitiy / Sports
15,0.0150733571808998,-0.0064881142423099,0.0328289756943851,0,Occupation,Cluster 0: High-Actvitiy / Sports
15,0.039822510970837,-0.0192134078534651,0.0584353609682849,5,Occupation,Cluster 5: High-Actvitiy / Sports
15,0.0340544886485788,-0.0193631990781137,0.0517355873517687,5,Occupation,Cluster 5: High-Actvitiy / Sports
15,0.0154213407089214,-0.0055199271251782,0.0255532071760142,0,Occupation,Cluster 0: High-Actvitiy / Sports
15,0.0534759551858686,0.0142066762146992,0.0406179351128303,4,Occupation,Cluster 4: High-Actvitiy / Sports
15,0.0,0.0,0.0,0,Occupation,Cluster 0: High-Actvitiy / Sports
15,0.0353274413978434,0.0036784933554112,-0.0084110793454285,7,Occupation,Cluster 7: High-Actvitiy / Occupation
15,0.1131960448348406,-0.0635988454152333,-0.0332037811810509,2,Occupation,Cluster 2: Low-Actvitiy / Occupation
15,0.0245188870608015,0.0261134321870285,0.0364998539012168,4,Occupation,Cluster 4: High-Actvitiy / Sports
15,0.0322601116778219,0.0024562312267167,0.0142033967524306,0,Occupation,Cluster 0: High-Actvitiy / Sports
15,0.0195470300219442,0.014391091692344,-0.0078703776275046,7,Occupation,Cluster 7: High-Actvitiy / Occupation
15,0.0062241435647299,-0.0049213598097364,-0.0035042756108215,0,Occupation,Cluster 0: High-Actvitiy / Sports
15,0.0,0.0,0.0,0,Occupation,Cluster 0: High-Actvitiy / Sports
15,0.0,0.0,0.0,0,Occupation,Cluster 0: High-Actvitiy / Sports
15,0.0203405781538238,0.004034663798827,-0.0082247769752658,0,Occupation,Cluster 0: High-Actvitiy / Sports
15,0.0446682728527453,-0.0204734845257061,0.0461287020405732,5,Occupation,Cluster 5: High-Actvitiy / Sports
15,0.0267630902282969,0.0020677510059196,0.0510833932046218,5,Occupation,Cluster 5: High-Actvitiy / Sports
15,-5.089073793885949e-07,-1.139876125960243e-06,-1.87378945354104e-06,0,Occupation,Cluster 0: High-Actvitiy / Sports
15,-5.511485365069007e-07,8.937549272435424e-07,9.14237665748927e-06,0,Occupation,Cluster 0: High-Actvitiy / Sports
15,0.0432020785491236,0.0309105049467701,0.046274036635323,4,Occupation,Cluster 4: High-Actvitiy / Sports
15,0.0280897023388336,0.0119871971198543,-0.0085843208074899,7,Occupation,Cluster 7: High-Actvitiy / Occupation
15,0.0183507085007398,0.0326182528550336,-0.0059711413457947,7,Occupation,Cluster 7: High-Actvitiy / Occupation
15,0.0301639051262592,0.0533722361099524,-0.0090150686701483,7,Occupation,Cluster 7: High-Actvitiy / Occupation
15,0.0217172394242288,0.0164473173052341,-0.0023445840508287,7,Occupation,Cluster 7: High-Actvitiy / Occupation
15,8.773840142566643e-07,-2.7830750058064422e-06,-2.793690814704696e-06,0,Occupation,Cluster 0: High-Actvitiy / Sports
15,0.0062880257754007,0.0100050409759666,0.0026045403360324,0,Occupation,Cluster 0: High-Actvitiy / Sports
15,0.0383153973539223,-0.0212310401746534,0.0295178520328057,5,Occupation,Cluster 5: High-Actvitiy / Sports
15,0.0030921080064672,-0.0036455315984805,-0.0025403548129738,0,Occupation,Cluster 0: High-Actvitiy / Sports
15,0.0148409185946774,0.0219191523603493,0.0055151508769785,0,Occupation,Cluster 0: High-Actvitiy / Sports
15,0.0266544206996712,-0.0249602921380498,-0.0126477999214825,0,Occupation,Cluster 0: High-Actvitiy / Sports
15,0.0376230021485567,0.0442803459047535,-0.0178793625982587,7,Occupation,Cluster 7: High-Actvitiy / Occupation
15,0.0361755467330426,0.0434097289830945,-0.019974509524769,7,Occupation,Cluster 7: High-Actvitiy / Occupation
15,0.051539027379306,0.047436150250061,-0.0107258482997984,7,Occupation,Cluster 7: High-Actvitiy / Occupation
15,0.036175547032627,0.0434097206437232,-0.0199745045759937,7,Occupation,Cluster 7: High-Actvitiy / Occupation
15,0.0478293053105331,0.0568392835228548,-0.0257987187006274,7,Occupation,Cluster 7: High-Actvitiy / Occupation
15,-1.97231487857068e-05,6.06993527994627e-06,-2.593090199428277e-05,0,Occupation,Cluster 0: High-Actvitiy / Sports
15,3.359459776779871e-07,-1.004859355888663e-06,-1.3405012684334577e-05,0,Occupation,Cluster 0: High-Actvitiy / Sports
15,0.0357525380641314,-0.0197984760459884,0.0398095901964306,5,Occupation,Cluster 5: High-Actvitiy / Sports
15,0.0768006920379277,-0.0536255966490504,0.0305987774848896,5,Occupation,Cluster 5: High-Actvitiy / Sports
15,0.0,0.0,0.0,0,Occupation,Cluster 0: High-Actvitiy / Sports
15,0.0019227648311289,-0.0015927217298518,0.0011919480035518,0,Occupation,Cluster 0: High-Actvitiy / Sports
15,-1.9103748381277774e-07,-5.466455974500349e-07,8.057526491694979e-06,0,Occupation,Cluster 0: High-Actvitiy / Sports
15,0.0617358439415233,-0.0299522898089269,0.0614290696548913,5,Occupation,Cluster 5: High-Actvitiy / Sports
15,0.0579356722316234,-0.0293621051914328,0.0568300779609857,5,Occupation,Cluster 5: High-Actvitiy / Sports
15,-1.020551453923559e-07,-3.450881447127517e-06,7.422478539535552e-06,0,Occupation,Cluster 0: High-Actvitiy / Sports
15,0.0125749045117577,0.0226763526779719,-0.0033884231783951,7,Occupation,Cluster 7: High-Actvitiy / Occupation
15,2.927742714003489e-07,-2.475576877400155e-06,-1.0786018418669494e-06,0,Occupation,Cluster 0: High-Actvitiy / Sports
15,-6.407573923693599e-07,-1.5597498950694649e-06,-4.191652391832016e-06,0,Occupation,Cluster 0: High-Actvitiy / Sports
15,0.027344265660648,-0.0020492345314708,-0.0074956691806809,0,Occupation,Cluster 0: High-Actvitiy / Sports
15,7.300579171121916e-07,-3.101935842229375e-06,-8.158474552765064e-06,0,Occupation,Cluster 0: High-Actvitiy / Sports
15,3.303665293915033e-07,-2.2826968632856605e-06,-1.2380225143007433e-06,0,Occupation,Cluster 0: High-Actvitiy / Sports
15,0.0315225669265189,0.0335252724291062,0.0467437746551709,4,Occupation,Cluster 4: High-Actvitiy / Sports
15,0.0305711166665981,0.0058121882345309,0.0187306555226482,0,Occupation,Cluster 0: High-Actvitiy / Sports
15,0.0234809905172779,0.0305847260916521,-0.0085777228823142,7,Running,Cluster 7: High-Actvitiy / Occupation
15,0.0315226320340029,0.0335257776679623,0.0467439895383444,4,Running,Cluster 4: High-Actvitiy / Sports
15,0.0415553611858457,-0.0054508686435554,0.0264923216455545,5,Self Care,Cluster 5: High-Actvitiy / Sports
15,0.0633716214282831,-0.0235077147287867,0.0439505564827758,5,Sexual Activity,Cluster 5: High-Actvitiy / Sports
15,0.0756055978044634,-0.0168763613256389,0.0654005250821714,5,Sports,Cluster 5: High-Actvitiy / Sports
15,0.1084610331991642,-0.0758742147959816,0.0081464125548059,2,Sports,Cluster 2: Low-Actvitiy / Occupation
15,0.0681901960398935,-0.0241498725674621,0.0619476809896594,5,Sports,Cluster 5: High-Actvitiy / Sports
15,0.04155536082477,-0.0054509195159024,0.0264925282713837,5,Sports,Cluster 5: High-Actvitiy / Sports
15,0.0356500496904424,0.0059113919980022,0.0286752653534131,4,Sports,Cluster 4: High-Actvitiy / Sports
15,0.0321409575916366,0.0366452795310967,0.0406641953619274,4,Sports,Cluster 4: High-Actvitiy / Sports
15,0.0359480075991295,0.0227828573057687,0.0296513920178415,4,Sports,Cluster 4: High-Actvitiy / Sports
15,0.0,0.0,0.0,0,Sports,Cluster 0: High-Actvitiy / Sports
15,0.0187914302435627,0.0021096775493646,0.0153560704572387,0,Sports,Cluster 0: High-Actvitiy / Sports
15,0.0338916080008955,0.0349370438692424,0.0494795907757222,4,Sports,Cluster 4: High-Actvitiy / Sports
15,0.0008638931489657,-0.000507125150793,0.0017269729129779,0,Sports,Cluster 0: High-Actvitiy / Sports
15,1.787948892566986e-05,6.352605108340366e-05,0.0002685203751372,0,Sports,Cluster 0: High-Actvitiy / Sports
15,-2.676859072760538e-05,2.433497065288465e-05,0.0001153309295052,0,Sports,Cluster 0: High-Actvitiy / Sports
15,0.0169837643050411,-0.0109953697074187,-0.0143633604546541,0,Sports,Cluster 0: High-Actvitiy / Sports
15,0.0121763783170053,0.0065743440066352,0.0042044427904878,0,Sports,Cluster 0: High-Actvitiy / Sports
15,0.0128040373141848,0.0064191304778822,-0.0026434899213832,0,Sports,Cluster 0: High-Actvitiy / Sports
15,0.0152835023048806,-0.0020156268864297,0.0288044806640964,0,Sports,Cluster 0: High-Actvitiy / Sports
15,0.0336768591127718,0.0346393719547929,0.0514289235868584,4,Sports,Cluster 4: High-Actvitiy / Sports
15,0.0322642063235711,0.0369888830992436,0.0410089623987709,4,Sports,Cluster 4: High-Actvitiy / Sports
15,0.0235773457692361,-0.0104514874596297,-0.0059856533502624,0,Sports,Cluster 0: High-Actvitiy / Sports
15,0.026340874542955,0.0276820260925485,0.0384807258522505,4,Sports,Cluster 4: High-Actvitiy / Sports
15,0.0014660396676796,0.0001436105285762,0.0010049186577596,0,Sports,Cluster 0: High-Actvitiy / Sports
15,0.0183050304440563,-0.0055800463649032,0.0161034896861937,0,Sports,Cluster 0: High-Actvitiy / Sports
15,0.0014660386063718,0.0001436309516478,0.0010049197199018,0,Sports,Cluster 0: High-Actvitiy / Sports
16,0.0157589557885945,-0.0085887662095524,0.0074341479075322,0,Sports,Cluster 0: High-Actvitiy / Sports
16,0.07961739791714,-0.056869091695627,-0.0454497922437954,2,Sports,Cluster 2: Low-Actvitiy / Occupation
16,0.0353951594600533,0.0066671647341635,-0.0226748003801899,7,Sports,Cluster 7: High-Actvitiy / Occupation
16,0.026015438463439,0.0250990802891449,-0.0168806547987096,7,Sports,Cluster 7: High-Actvitiy / Occupation
16,0.0012805007422933,-0.0014058340889243,-0.0019549679649399,0,Sports,Cluster 0: High-Actvitiy / Sports
16,0.0042753918103704,0.0041132744114089,0.0041165552339107,0,Sports,Cluster 0: High-Actvitiy / Sports
16,1.5917509616890194e-07,-8.461555426431195e-07,-2.8885231749041784e-06,0,Sports,Cluster 0: High-Actvitiy / Sports
16,0.0094961256383258,-0.0019139388606184,-0.0029713421858402,0,Sports,Cluster 0: High-Actvitiy / Sports
16,0.0173379981548094,-0.0107887102435206,-0.0076971456594212,0,Sports,Cluster 0: High-Actvitiy / Sports
19,0.0053209846815992,-0.0045236557236652,-0.0042822825178455,0,Sports,Cluster 0: High-Actvitiy / Sports
19,0.006848235127328,-0.0028931022841468,-0.0011485234095502,0,Sports,Cluster 0: High-Actvitiy / Sports
19,0.0085454392699095,0.0044306580075803,0.0081879331165391,0,Sports,Cluster 0: High-Actvitiy / Sports
19,0.0223127948417409,-0.0227947839701702,0.0315246014865559,5,Sports,Cluster 5: High-Actvitiy / Sports
19,0.0185850412877665,0.0011545434568154,-0.0040031381862758,0,Sports,Cluster 0: High-Actvitiy / Sports
19,0.0658162957382076,0.0245054057011304,0.0153488924304748,4,Sports,Cluster 4: High-Actvitiy / Sports
19,0.0457155471967858,0.0236895480395272,0.0126316888194758,4,Sports,Cluster 4: High-Actvitiy / Sports
19,0.0232081583990346,-0.0087194683791125,-0.0066457507846688,0,Sports,Cluster 0: High-Actvitiy / Sports
19,0.0239349994850881,-0.0208863678589872,-0.0183153563531922,0,Sports,Cluster 0: High-Actvitiy / Sports
19,0.0205047157727018,-0.0134943954258529,-0.015725575218983,0,Sports,Cluster 0: High-Actvitiy / Sports
20,0.0305174389368057,-0.0236649175924257,-0.0064339545426253,0,Sports,Cluster 0: High-Actvitiy / Sports
20,0.0909323358855178,-0.0705945270103091,-0.0556369576721578,2,Sports,Cluster 2: Low-Actvitiy / Occupation
20,0.0081177589787872,-0.0076617096521341,-0.0014067700369306,0,Sports,Cluster 0: High-Actvitiy / Sports
20,0.0085175692305384,-0.0081548278987774,0.0016745014463256,0,Sports,Cluster 0: High-Actvitiy / Sports
20,0.0005714582395539,-0.000675114287195,0.0012516164040467,0,Sports,Cluster 0: High-Actvitiy / Sports
20,0.0321449595800332,0.0221070803405004,0.0086696850945591,4,Sports,Cluster 4: High-Actvitiy / Sports
20,0.0258878188268431,0.0183738461128312,0.0273718956844712,4,Sports,Cluster 4: High-Actvitiy / Sports
20,0.0133337460705832,0.0173933398475092,-0.0018603592143976,0,Sports,Cluster 0: High-Actvitiy / Sports
20,0.056108320185163,-0.0118473049019402,0.0648558537130592,5,Sports,Cluster 5: High-Actvitiy / Sports
20,0.022667324441607,0.0121486026343875,0.0221015025077591,4,Sports,Cluster 4: High-Actvitiy / Sports
20,0.0302348114663445,0.0206847514689229,-0.0042757828785806,7,Sports,Cluster 7: High-Actvitiy / Occupation
20,0.0506850213520439,-0.0432482791102618,0.0277031127135119,5,Sports,Cluster 5: High-Actvitiy / Sports
20,0.0010725322764725,-0.0011123808336298,0.0025848416627748,0,Sports,Cluster 0: High-Actvitiy / Sports
20,0.0098630200842457,-0.0039762577388159,0.0183069446840938,0,Sports,Cluster 0: High-Actvitiy / Sports
20,8.898421394963112e-07,-2.055642509241487e-06,-8.334508403743899e-06,0,Sports,Cluster 0: High-Actvitiy / Sports
20,0.0601250304149965,-0.0178772895014517,0.0408583951545848,5,Sports,Cluster 5: High-Actvitiy / Sports
20,0.0499069773011967,0.0003998966229523,0.0437181611194031,5,Sports,Cluster 5: High-Actvitiy / Sports
20,0.0554109393204399,0.0104622360772823,0.0417748268313984,4,Sports,Cluster 4: High-Actvitiy / Sports
20,0.0611000635693469,0.0288740979737397,0.0451160109166787,4,Sports,Cluster 4: High-Actvitiy / Sports
20,0.0737394480717361,-0.0170883789056577,0.0502166249788585,5,Sports,Cluster 5: High-Actvitiy / Sports
20,0.0679322404647843,0.006259887124402,0.0342556775074993,4,Sports,Cluster 4: High-Actvitiy / Sports
20,0.0535813417536258,0.0325483903306381,0.0420964210223258,4,Sports,Cluster 4: High-Actvitiy / Sports
20,0.0296853672506647,0.032782806521192,0.0274133358460419,4,Sports,Cluster 4: High-Actvitiy / Sports
20,0.0372964172383077,0.0420283197577927,0.0317171094193911,4,Sports,Cluster 4: High-Actvitiy / Sports
20,0.0091532095952164,-0.0047634587558597,0.0032427965713836,0,Sports,Cluster 0: High-Actvitiy / Sports
20,0.0310870748877789,-0.0226453836533708,0.0444696607521175,5,Sports,Cluster 5: High-Actvitiy / Sports
20,0.0029600822519035,-0.0017765373333337,0.0040567697570284,0,Sports,Cluster 0: High-Actvitiy / Sports
20,0.0483583397820691,-0.0060778224856902,0.0439342779154421,5,Sports,Cluster 5: High-Actvitiy / Sports
21,0.004085973182121,-0.0055001065450734,-0.0016631475050205,0,Sports,Cluster 0: High-Actvitiy / Sports
21,0.0100004435933206,-0.0113718225445162,-0.0068326154153563,0,Sports,Cluster 0: High-Actvitiy / Sports
21,0.0185443550727934,-0.014617526581948,-0.0154582606307515,0,Sports,Cluster 0: High-Actvitiy / Sports
21,0.0737660230107938,0.0301371880605176,0.0208613947085003,4,Sports,Cluster 4: High-Actvitiy / Sports
21,0.0670249143524719,-0.0071354361726923,-0.0084649560182128,7,Sports,Cluster 7: High-Actvitiy / Occupation
21,0.0911081802486886,-0.0708448072477428,-0.0570229618010743,2,Sports,Cluster 2: Low-Actvitiy / Occupation
11,0.0382563259858552,0.0081716722436421,-0.0203684963749613,7,Sports,Cluster 7: High-Actvitiy / Occupation
11,0.0352903489989962,-0.0001247455462077,0.0078508364887225,7,Sports,Cluster 7: High-Actvitiy / Occupation
11,0.0711100819376524,0.0173343523071061,-0.0114996334977182,7,Sports,Cluster 7: High-Actvitiy / Occupation
11,0.0309165132938838,-0.000219884082814,-0.0236354478551426,7,Sports,Cluster 7: High-Actvitiy / Occupation
11,0.0288339312297716,-0.0032786636230853,-0.0230950029901192,6,Sports,Cluster 6: Low-Actvitiy / Home Activities
11,0.0885826380650261,-0.0033206840169876,-0.0628764531378739,6,Sports,Cluster 6: Low-Actvitiy / Home Activities
11,0.0296980245821473,0.0131166819184201,-0.0235014964105295,7,Sports,Cluster 7: High-Actvitiy / Occupation
11,0.0759547860915592,0.0009673103220021,-0.058586249697064,6,Sports,Cluster 6: Low-Actvitiy / Home Activities
11,0.0311746007479632,-0.006368155019857,-0.0123190081635147,6,Sports,Cluster 6: Low-Actvitiy / Home Activities
18,0.1078433154327044,-0.0670214783760346,-0.0282607457792688,2,Sports,Cluster 2: Low-Actvitiy / Occupation
18,0.0311746007479632,-0.006368155019857,-0.0123190081635147,0,Sports,Cluster 0: High-Actvitiy / Sports
18,0.0398930253557301,-0.000136943834364,0.0089608497433486,0,Sports,Cluster 0: High-Actvitiy / Sports
17,0.0670626815605836,-0.056321750010675,-0.0274928767740782,2,Sports,Cluster 2: Low-Actvitiy / Occupation
17,0.1269688986929848,-0.0252620094901758,0.0610892386007021,5,Sports,Cluster 5: High-Actvitiy / Sports
