traveltime,studytime,failures,schoolsup,famsup,paid,activities,internet,freetime,goout,Final_Cluster,C1,C2,C3
2,2,0,1,0,0,0,0,3,4,2,-1.0451930884434455,-1.4153951575692492,2.9658354881742532
1,2,0,0,1,0,0,1,3,3,1,0.621495489819503,-0.30473650798548896,-0.08179948865175503
1,3,0,0,1,1,1,1,2,2,1,3.0117720768178904,-0.02479685642275533,-1.1807373565838866
1,2,0,0,1,1,0,0,3,2,2,1.3998135207018823,-1.559800581699447,0.7442320750833368
1,2,0,0,1,1,1,1,4,2,1,1.5226605584313355,0.989806800495611,-0.3688222820796507
1,2,0,0,0,0,0,1,4,4,0,-1.0073165962568966,0.6272088843556677,0.0682349821055271
1,2,0,0,1,1,0,1,2,2,1,2.2954479294508845,-0.9086712614213993,-0.5793217826743902
1,2,0,0,1,1,1,1,5,1,1,1.3824589187230278,1.0813689646237095,-0.1267921830514949
1,2,0,0,1,1,0,1,3,3,1,1.638265659916844,0.13174996028670788,-0.20797575887881106
3,3,0,0,1,0,1,1,2,2,2,0.9399442725177516,-1.2961159533448572,-1.8845796141502222
1,1,0,0,1,1,1,1,3,3,1,0.9711345889954364,0.7808649074496727,-0.41231342942730564
2,2,0,0,1,1,0,1,4,3,1,0.7120448881942706,0.2803253388798586,-0.3162969613636395
1,3,0,0,1,0,0,1,5,2,1,0.7743295046342278,0.47019707797855215,0.2683797201077673
1,1,0,0,1,0,0,1,4,4,0,-0.7274143888587444,0.6183049848047788,0.48808548682432495
1,3,0,0,1,1,1,1,2,3,1,2.753281761905024,0.44963267236724896,-1.1160793942001748
3,2,0,1,1,0,1,0,3,2,2,-0.05951492095395337,-1.906700024026455,2.239945230319436
1,2,0,0,0,0,0,1,4,1,2,-0.23184565151829717,-0.7960797020143451,-0.12573890504560795
1,1,0,0,1,1,0,1,4,2,1,0.8063364110643294,0.10593239549696717,0.2325932918298456
1,2,0,0,0,0,1,1,5,1,0,-0.6059410679166719,0.5364066669845623,-0.22192746586273596
2,2,0,0,1,0,1,1,4,4,0,-0.5386190585931375,1.0847630754784703,-0.5283393509818671
1,3,0,1,1,1,1,1,3,2,1,3.2009829466182205,0.6991198150096364,1.7283827398594116
1,1,0,0,1,1,0,1,2,2,1,1.6037203203066777,-1.0260509903392387,-0.3807828309938892
1,1,0,0,0,1,0,1,2,4,1,0.11510987393858582,-0.18566776212618083,-0.47277845926476286
1,2,0,1,1,0,1,1,3,3,1,1.2339948524638065,0.6196831466096044,2.11775592415068
1,2,0,0,1,1,1,1,4,5,1,0.7471896136927361,2.4130953868656237,-0.17484839492851567
1,2,0,0,1,1,0,1,4,2,1,1.4980640202085362,0.2233121244148066,0.034054340149344706
2,2,0,0,1,0,1,1,3,1,2,0.6355438407666362,-0.9045172038096454,-1.0290012995448696
1,2,0,0,1,0,1,1,5,2,1,0.10719843371282049,1.119312025141517,0.06404204955927273
1,2,0,0,0,0,1,1,3,2,1,-0.06704747358719008,-0.12114719006163951,-0.7706456263027591
1,1,0,0,1,1,0,1,4,3,1,0.5478460961514628,0.5803619242869714,0.29725125421355725
2,1,0,0,1,0,1,0,5,1,2,-1.350510131747747,-1.1070345600874294,0.7997795713052256
1,3,0,0,1,0,1,1,4,3,1,0.9391276825653347,1.1451295899312581,-0.376527001149384
2,3,0,0,1,0,1,1,4,3,1,0.41159886546393576,0.7277132756063054,-0.7915362650460799
1,3,0,1,1,1,1,1,3,2,1,3.2009829466182205,0.6991198150096364,1.7283827398594116
1,1,0,1,1,1,1,0,3,1,1,1.5790755891148454,-1.227190184812197,3.077668477182561
1,1,0,0,1,0,0,1,4,3,0,-0.468924073945878,0.1438754560147746,0.42342752444061327
1,2,0,0,1,0,1,1,3,3,1,0.6460920280423023,0.4617581680953155,-0.4846761108807505
1,1,0,1,1,0,0,1,4,1,1,0.6359593803013591,-0.647058623050945,2.8965436347046207
1,2,0,1,1,1,1,1,2,2,1,2.9079472920951877,0.01574839317369401,1.6202336301280449
1,2,0,0,1,0,0,1,3,5,1,0.10451485999376998,0.6441225495945195,0.04751643611566833
1,2,0,0,1,1,0,0,3,3,2,1.141323205789016,-1.0853710529094425,0.8088900374670485
3,2,0,0,1,1,0,1,3,3,2,0.5832080257140457,-0.7030826683631969,-1.037994286672203
1,2,0,0,1,1,0,1,3,3,1,1.638265659916844,0.13174996028670788,-0.20797575887881106
1,1,0,1,1,1,0,1,3,4,1,1.2759505602812746,0.6467247386731616,2.6576531902168323
1,1,0,0,0,1,0,1,3,4,0,-0.28358208068258833,0.3803239307919221,-0.16609039785289548
1,2,0,0,0,1,1,1,3,4,1,0.43274206668441767,1.264198335790566,-0.7675059717623918
1,2,0,0,1,1,1,1,3,2,1,1.9213525130525095,0.42381510757750807,-0.6755103434915181
1,2,0,0,1,0,1,0,2,2,2,0.8063318434485149,-1.7957840668089424,0.16084366166952985
1,2,0,1,1,0,1,1,3,2,1,1.4924851673766728,0.1452536178196002,2.0530979617669685
1,2,0,0,1,0,0,1,2,3,1,1.0201874444406773,-0.8707282009035919,-0.38848755006362246
1,2,0,0,1,0,1,0,4,4,0,-0.5080326956195664,0.2850583766072721,0.9035357092606882
1,2,0,1,0,0,1,1,4,3,0,-0.1363269186997267,1.077199010160757,2.2031324325242503
1,3,0,1,1,1,1,1,4,4,1,2.2853103621713133,2.213970565507748,2.1643867260387024
1,2,0,1,0,0,1,1,4,4,0,-0.3948172336125932,1.5516285389507611,2.267790394907962
3,2,0,0,1,0,1,1,4,3,0,-0.80765756078167,0.19291723236351369,-1.0080065772622748
1,1,0,0,0,0,1,0,3,2,2,-1.255717536859225,-1.4556479321756293,0.4447591217236012
1,2,0,1,1,1,1,1,3,3,1,2.250765022561147,1.0561696148818012,1.9915796539236241
1,2,0,0,1,1,1,1,3,3,1,1.6628621981396432,0.8982446363675123,-0.6108523811078064
1,2,0,0,1,0,0,1,4,3,1,0.22280353519832885,0.26125518493261407,0.22488857276011243
1,1,0,1,1,1,1,1,2,2,1,2.2162196829509813,-0.10163133574414537,1.818772581808546
1,3,0,1,0,1,0,1,3,2,1,2.2047565918530623,-0.1758506904381185,1.90994780905011
1,2,0,0,1,1,0,1,4,4,1,0.9810833903828033,1.172171181994815,0.16337026491676807
2,2,0,0,0,1,1,1,3,3,1,0.1637035644958852,0.3723524926756093,-1.2471731980427994
1,2,0,0,1,0,1,1,3,2,1,0.9045823429551688,-0.012671360694688792,-0.5493340732644622
1,2,0,0,1,0,0,0,3,4,2,-0.13393727922119156,-1.0474279923916352,0.9997242700778161
1,3,0,0,1,0,1,1,3,3,1,1.337819637186509,0.579137897013155,-0.6832150625612513
1,3,0,0,1,1,0,1,3,3,1,2.3299932690610503,0.2491296892045474,-0.40651471055931204
1,1,0,0,0,1,1,1,5,5,0,-1.314859766615004,2.7532315214989365,0.1090670651255557
1,2,0,1,1,0,0,0,3,3,2,0.7124558601131789,-1.3639325426673505,3.5374983427255344
2,2,0,0,1,1,1,1,3,3,1,1.1353333810382442,0.48082832204256004,-1.0258616450045024
2,1,0,1,1,0,1,1,3,3,1,0.01473842621820049,0.08488710336681249,1.9012856119344852
1,2,0,0,1,1,0,0,3,5,1,0.6243425759632828,-0.13651199532943406,0.9382059622344718
1,1,0,0,0,0,1,1,3,4,0,-1.27575571255713,0.7103321386005296,-0.4427907498548349
1,3,0,1,1,1,0,1,3,5,1,2.4009154636568217,1.355913725298845,2.325233249239542
1,1,0,1,1,1,1,1,5,5,0,0.24467287434885912,3.019632329380176,2.9328106531952836
1,3,0,0,1,0,1,1,4,3,1,0.9391276825653347,1.1451295899312581,-0.376527001149384
1,1,0,0,1,0,1,1,3,3,1,-0.04563558110190454,0.344378439177476,-0.28613715920024957
2,2,0,1,1,1,0,1,3,5,1,1.181659037411216,0.8211176820560531,2.108762937023347
1,2,0,0,1,1,1,1,4,4,1,1.0056799286056026,1.9386658580756195,-0.23950635731222733
1,3,0,0,1,0,1,1,3,3,1,1.337819637186509,0.579137897013155,-0.6832150625612513
1,3,0,0,1,1,1,1,4,5,1,1.438917222836943,2.5304751157834633,-0.3733873466090166
1,1,0,0,0,0,1,1,5,3,0,-1.8146493068866116,1.3678859956467313,0.10592741058518836
1,1,0,0,0,0,0,1,5,2,0,-1.5807555301965446,0.1269617907759226,0.44414607043047216
1,2,0,0,0,0,1,1,4,2,0,-0.4657394282083643,0.4448445028564635,-0.46395756489089174
1,2,0,0,1,0,1,1,4,4,0,-0.011090241491738345,1.5021793898034228,-0.11333008708517135
2,2,0,0,1,0,1,0,4,3,2,-0.7770711978080991,-0.6067874665076844,0.42386848298028046
2,1,0,0,0,0,1,1,4,2,0,-1.68499585445397,-0.08995154038632827,-0.6804278771070865
1,1,0,0,0,0,0,1,4,3,0,-1.4405538904882367,0.035399626647823916,0.20211597140231635
1,2,0,0,0,0,0,1,2,3,2,0.04855762789831814,-0.9792040302705425,-0.6097991031019194
2,2,0,0,1,1,1,1,2,2,1,1.7925156505722848,-0.5595928996655471,-1.3972076688000816
1,1,0,0,1,0,1,1,4,4,0,-0.7028178506359452,1.3847996608855833,0.08520886459532957
1,2,0,0,0,1,0,1,4,4,0,0.00945357384044429,1.0636953526278645,-0.05794128812152895
1,1,0,1,0,0,0,1,5,5,0,-1.76832365051364,1.7081753556602244,3.240551992613038
1,2,0,1,0,0,1,1,3,2,1,0.520855350834314,0.03677778845264954,1.8317864087286713
1,1,0,0,0,1,1,1,5,5,0,-1.314859766615004,2.7532315214989365,0.1090670651255557
3,1,0,0,1,0,1,1,3,3,0,-1.1006932153047024,-0.4904541894724287,-1.1161556869936415
1,1,0,0,1,0,0,1,4,4,0,-0.7274143888587444,0.6183049848047788,0.48808548682432495
1,1,0,0,0,0,0,1,2,1,2,-0.12618935142015553,-2.0454428167683902,-0.5405760761888418
1,3,0,0,1,0,1,1,3,3,1,1.337819637186509,0.579137897013155,-0.6832150625612513
3,2,0,0,0,0,0,0,4,5,0,-2.817806999500389,-0.9503152287003833,0.31974021304170624
2,1,0,0,0,0,1,1,3,2,2,-1.286303899832796,-0.6559432333044313,-0.987115938518954
1,3,0,0,1,1,1,1,2,2,1,3.0117720768178904,-0.02479685642275533,-1.1807373565838866
1,1,0,0,0,0,0,1,4,4,0,-1.6990442054011032,0.5098291554378281,0.26677393378602804
1,2,0,0,1,1,0,1,4,2,1,1.4980640202085362,0.2233121244148066,0.034054340149344706
1,2,0,0,1,1,0,1,3,2,1,1.8967559748297103,-0.3426795685032964,-0.2726337212625227
1,1,0,0,1,0,0,1,3,2,2,0.1882581955881627,-0.8965457656933327,0.05208150064503417
1,1,0,1,1,0,0,0,2,1,2,0.9364008354158794,-2.996163022083301,3.300033308226745
1,2,0,1,0,1,1,0,4,4,1,0.12501048235691967,0.7709939940268073,3.1584799210267653
1,1,0,0,0,0,0,0,2,2,2,-0.88162212046085,-2.7881343011745368,0.5409476825407292
3,1,0,0,0,0,0,0,2,2,2,-1.9366797546636487,-3.6229669298244414,-0.28907084525266274
1,1,0,0,0,0,0,1,3,3,0,-1.0418619358670627,-0.5305920662702791,-0.1045720900095511
1,2,0,0,0,0,0,1,3,5,0,-0.8671149565485889,0.535646720227569,-0.17379511692262867
1,2,0,0,0,1,0,1,2,3,1,1.0653277979956592,-0.5427175619983456,-0.7359753733289754
1,2,0,0,1,1,0,1,4,2,1,1.4980640202085362,0.2233121244148066,0.034054340149344706
2,2,0,0,1,1,1,1,3,2,1,1.3938236959511106,0.006398793252555747,-1.0905196073882142
1,2,0,0,1,1,1,1,4,4,1,1.0056799286056026,1.9386658580756195,-0.23950635731222733
2,2,0,0,1,1,1,1,4,5,1,0.219660796591337,1.9956790725406715,-0.5898576588252115
2,2,0,0,0,1,1,1,4,4,0,-0.4934787050381555,1.4127737143837167,-0.8758271742472202
2,2,0,0,0,1,1,1,4,4,0,-0.4934787050381555,1.4127737143837167,-0.8758271742472202
1,2,0,0,0,0,1,1,3,4,0,-0.5840281034129231,0.827711867518369,-0.6413297015353357
1,1,0,0,1,0,1,1,3,3,1,-0.04563558110190454,0.344378439177476,-0.28613715920024957
1,2,0,0,1,0,1,1,2,3,1,1.0447839826634766,-0.10423352482278747,-0.7913641722926179
1,2,0,0,1,1,1,1,4,3,1,1.2641702435184692,1.4642363292856153,-0.30416431969593904
1,2,0,0,0,1,1,1,2,3,1,1.0899243362184585,0.2237771140824588,-1.138851995557971
1,2,0,0,1,0,1,0,4,2,2,0.00894793420616654,-0.6638006809727364,0.7742197844932648
1,2,0,0,1,0,1,1,3,3,1,0.6460920280423023,0.4617581680953155,-0.4846761108807505
1,2,0,0,1,1,0,1,2,2,1,2.2954479294508845,-0.9086712614213993,-0.5793217826743902
1,2,0,0,1,0,1,1,3,4,1,0.38760171312943575,0.9361876968853197,-0.42001814849703883
1,1,0,0,1,1,1,1,3,3,1,0.9711345889954364,0.7808649074496727,-0.41231342942730564
1,2,0,0,0,1,1,1,2,3,1,1.0899243362184585,0.2237771140824588,-1.138851995557971
1,2,0,0,1,0,0,1,3,3,1,0.621495489819503,-0.30473650798548896,-0.08179948865175503
1,2,0,0,0,0,0,1,3,3,2,-0.350134326722856,-0.4132123373524395,-0.30311104169005204
1,2,0,0,0,0,1,1,3,3,0,-0.3255377885000566,0.3532823387283648,-0.7059876639190474
2,2,0,0,0,1,1,1,4,4,0,-0.4934787050381555,1.4127737143837167,-0.8758271742472202
1,1,0,0,1,0,1,1,3,2,1,0.21285473381096198,-0.1300510896125283,-0.3507951215839612
2,1,0,0,0,0,0,1,3,3,2,-1.5693907529684616,-0.9480083805952313,-0.5195813539062469
1,2,0,0,0,0,1,1,3,2,1,-0.06704747358719008,-0.12114719006163951,-0.7706456263027591
1,1,0,0,0,0,0,1,2,3,2,-0.6431699812458885,-1.0965837591883818,-0.41126015142141853
3,1,0,0,1,1,1,1,3,4,0,-0.3424133601202281,0.4204618075897723,-1.1776739948369859
1,2,0,0,1,1,0,1,5,2,1,1.099372065587362,0.7893038173329096,0.34074240156121216
1,2,0,0,1,0,1,1,3,5,1,0.12911139821656928,1.410617225675324,-0.35536018611332715
1,2,0,1,1,1,1,0,4,3,1,1.3551306138121453,0.4050402946037538,3.3151335116813505
1,2,0,0,1,1,0,0,4,4,1,0.4841409362549752,-0.044949831201335416,1.1802360612626275
1,1,0,0,1,0,0,1,3,2,2,0.1882581955881627,-0.8965457656933327,0.05208150064503417
1,2,0,0,0,1,1,1,3,2,1,0.9497226965101507,0.3153392782105575,-0.8968218965298151
2,1,0,0,1,1,0,0,3,2,2,0.18055709445627643,-2.0945966249422385,0.5277617628671418
2,3,0,0,1,1,1,1,4,2,1,1.6868593504741431,0.6897702150884982,-0.9823704976568476
1,2,0,0,1,1,0,1,3,5,1,1.1212850300911108,1.0806090178667163,-0.0786598341113877
1,2,0,1,1,1,0,1,3,4,1,1.9676781694254817,0.7641044675910011,2.459114238536331
1,1,0,0,1,1,0,0,2,1,2,1.3652681810917162,-2.7176015323253933,0.5714250029682586
2,2,0,0,0,1,0,1,4,4,0,-0.5180752432609548,0.6462790383029122,-0.47295055201822483
2,1,0,0,1,1,0,0,3,3,2,-0.07793322045659008,-1.6201670961522343,0.5924197252508535
1,3,0,0,1,1,1,1,3,3,1,2.35458980728385,1.0156243652853518,-0.8093913327883073
2,2,0,0,1,0,1,1,2,5,1,0.0002745357363442987,0.42720921843226856,-1.0770575114218903
1,2,0,1,0,0,0,1,3,1,2,0.7547491275243812,-1.204146416418159,2.170005068573955
2,2,0,0,1,1,0,1,3,3,1,1.110736842815445,-0.2856663540382444,-0.6229850227755068
1,3,0,0,1,0,1,1,3,2,1,1.5963099520993753,0.10470836822315074,-0.747873024944963
1,2,0,0,0,0,1,1,3,4,0,-0.5840281034129231,0.827711867518369,-0.6413297015353357
1,2,0,0,1,1,0,1,3,3,1,1.638265659916844,0.13174996028670788,-0.20797575887881106
2,3,0,0,0,0,1,1,2,3,2,0.2373529581639252,-0.512745939596851,-1.6262239409081116
1,2,0,0,0,0,1,1,2,3,1,0.07315416612111754,-0.21270935418973813,-1.0126757253309149
2,2,0,0,1,1,1,1,5,2,1,0.5964397867087623,1.1383821790887616,-0.4771434845644791
1,2,0,1,1,0,1,1,5,5,0,-0.08036968660427495,2.7005255900258187,2.8604479717418383
1,2,0,0,1,1,1,1,2,4,1,1.8030638378479507,0.8066824722394136,-0.8528824801359621
2,2,0,0,1,1,0,1,4,2,1,0.9705352031071371,-0.1941041899101457,-0.3809549237473511
2,3,0,0,0,0,1,1,3,3,0,-0.16133899645724892,0.05324575332125193,-1.3195358794962442
1,2,0,0,0,1,1,1,4,2,1,0.5510307418889766,0.8813309711286604,-0.5901338351179477
1,1,0,0,0,0,0,1,5,2,0,-1.5807555301965446,0.1269617907759226,0.44414607043047216
2,2,0,0,0,0,1,1,5,5,0,-2.167431144669537,2.016708467819627,-0.37830488022458525
2,2,0,0,1,1,0,1,3,3,1,1.110736842815445,-0.2856663540382444,-0.6229850227755068
1,1,0,0,0,0,1,1,4,5,0,-1.9329379820911705,1.7507533603086367,-0.07144472605925574
1,1,0,0,0,0,1,1,3,2,0,-0.7587750827313969,-0.23852691897947895,-0.5721066746222583
2,3,0,0,1,1,0,1,4,4,1,1.145282182425611,0.8721345965877022,-0.4501779506604288
3,1,0,0,0,0,0,1,3,3,2,-2.096919570069861,-1.3654246949201836,-0.934590617802943
2,1,0,0,0,0,0,1,2,2,2,-0.912208483434421,-1.9884296023033385,-0.8909273777018261
1,1,0,0,0,1,0,1,3,2,2,0.23339854914314467,-0.5685351267880864,-0.29540632262031885
3,2,0,1,1,0,0,1,3,3,2,0.15434068003820894,-0.9816441581211046,1.690614018586284
2,1,0,0,0,0,1,0,3,2,2,-1.783246353960624,-1.8730642465005818,0.029749857826905358
1,1,0,0,0,0,0,1,4,2,0,-1.1820635755753703,-0.43902990214218035,0.13745800901860467
1,2,0,0,1,0,0,1,3,1,2,1.138476119645236,-1.2535955655654973,-0.2111154134191784
1,2,0,0,0,0,1,1,2,4,0,-0.18533614879174895,0.2617201746002661,-0.9480177629472032
1,2,0,0,1,1,0,1,3,2,1,1.8967559748297103,-0.3426795685032964,-0.2726337212625227
1,3,0,0,0,0,1,0,3,2,2,0.12773768142918854,-1.2208884743399504,0.04768121836259935
1,3,0,0,0,0,1,0,2,3,2,0.26793932113749613,-1.312450638468049,-0.1943488806655564
1,3,0,0,1,1,1,1,3,3,1,2.35458980728385,1.0156243652853518,-0.8093913327883073
2,2,0,0,1,1,1,1,2,5,1,1.0170447058336853,0.8636956867044655,-1.2032337816489465
1,2,0,0,0,1,1,1,4,4,0,0.03405011206324357,1.830190028708669,-0.4608179103505244
2,2,0,0,0,1,1,1,3,4,0,-0.09478675041698129,0.8467820214656135,-1.1825152356590878
1,2,0,0,1,1,1,1,4,5,1,0.7471896136927361,2.4130953868656237,-0.17484839492851567
2,2,0,0,1,0,0,1,3,5,0,-0.4230139571076291,0.2267062352695672,-0.36749282778102754
2,2,0,0,1,1,0,0,4,3,2,0.21510243406644247,-0.9367956743162918,0.70056883498222
1,2,0,0,1,1,1,0,5,2,1,0.6270261496823333,0.3386774802175635,0.9547315756780762
2,2,0,0,1,1,0,1,3,3,1,1.110736842815445,-0.2856663540382444,-0.6229850227755068
2,2,0,1,1,1,0,1,4,4,1,1.0414573977029085,0.9126798461841517,2.3507930360515026
2,1,0,0,0,1,1,1,2,4,0,-0.38782240494001385,0.1634105996296712,-1.2906643453904543
2,1,0,0,0,1,1,1,2,3,2,-0.12933209002714735,-0.311018929160333,-1.3553223077741658
2,1,0,0,0,1,1,1,5,4,0,-1.5838982688035363,1.8613856783839802,-0.3706001611548519
2,2,0,1,0,0,1,1,4,4,0,-0.9223460507139921,1.1342122246258086,1.852781131011266
1,2,0,0,1,0,0,1,4,5,0,-0.29417709462740416,1.2101142425126226,0.3542044975275358
1,2,0,0,0,1,0,1,3,3,1,0.6666358433744849,0.023274130919757333,-0.4292873119171081
1,3,0,0,1,1,0,1,3,3,1,2.3299932690610503,0.2491296892045474,-0.40651471055931204
1,3,0,0,1,1,0,1,3,3,1,2.3299932690610503,0.2491296892045474,-0.40651471055931204
1,3,0,0,0,1,1,1,2,4,1,1.5231616304497988,0.8155863717903024,-1.2727329848547604
1,2,0,0,1,1,1,1,4,3,1,1.2641702435184692,1.4642363292856153,-0.30416431969593904
1,2,0,0,1,1,1,1,3,2,1,1.9213525130525095,0.42381510757750807,-0.6755103434915181
1,3,0,0,1,1,0,1,2,2,1,2.987175538595091,-0.7912915325035598,-0.7778607343548911
2,3,0,0,1,1,1,1,4,2,1,1.6868593504741431,0.6897702150884982,-0.9823704976568476
1,1,0,0,1,1,0,1,4,3,1,0.5478460961514628,0.5803619242869714,0.29725125421355725
2,2,0,0,1,1,1,1,3,4,1,0.8768430661253777,0.9552578508325642,-0.9612036826207907
2,2,0,0,1,1,0,1,4,5,1,0.1950642583685376,1.229184396459867,-0.18698103659621612
1,1,0,0,1,1,0,1,4,2,1,0.8063364110643294,0.10593239549696717,0.2325932918298456
1,2,0,0,1,0,0,1,2,4,1,0.7616971295278108,-0.3962986721135877,-0.32382958767991077
2,3,0,0,1,1,0,1,3,3,1,1.8024644519596515,-0.16828662512040496,-0.8215239744560079
1,1,0,0,0,0,1,0,5,3,0,-2.31159176101444,0.1507649824505809,1.1227932069310478
3,2,0,0,1,0,0,1,4,1,2,-0.31527346917873633,-1.5224365012972991,-0.7344458798007028
2,2,0,0,1,1,1,1,3,3,1,1.1353333810382442,0.48082832204256004,-1.0258616450045024
1,3,0,0,1,1,1,1,3,4,1,2.0960994923709833,1.490053894075356,-0.7447333704045956
1,3,0,0,1,1,1,1,3,4,1,2.0960994923709833,1.490053894075356,-0.7447333704045956
1,2,0,0,1,1,0,1,4,4,1,0.9810833903828033,1.172171181994815,0.16337026491676807
1,2,0,0,1,1,0,1,2,2,1,2.2954479294508845,-0.9086712614213993,-0.5793217826743902
1,2,0,0,1,0,0,0,2,2,2,0.7817353052257155,-2.5622787428897467,0.5637202838985252
1,3,0,0,1,1,1,1,3,2,1,2.6130801221967164,0.5411948364953475,-0.874049295172019
1,3,0,0,1,0,0,1,4,3,1,0.9145311443425355,0.37863491385045356,0.026349621079611474
2,3,0,0,0,0,0,1,3,3,2,-0.1859355346800482,-0.7132489227595524,-0.9166592572672488
1,3,0,0,0,0,1,1,3,3,1,0.36618982064415007,0.4706620676462044,-0.9045266155995483
1,1,0,0,0,0,1,1,3,5,0,-1.5342460274699965,1.184761667390534,-0.3781327874711232
1,3,0,0,1,1,1,1,4,4,1,1.6974075377498095,2.056045586993459,-0.4380453089927283
2,3,0,0,1,1,0,1,3,3,1,1.8024644519596515,-0.16828662512040496,-0.8215239744560079
1,3,0,0,1,0,0,1,4,3,1,0.9145311443425355,0.37863491385045356,0.026349621079611474
1,2,0,0,0,0,1,1,3,4,0,-0.5840281034129231,0.827711867518369,-0.6413297015353357
1,2,0,0,0,0,1,1,3,3,0,-0.3255377885000566,0.3532823387283648,-0.7059876639190474
1,3,0,0,0,0,0,1,4,5,0,-0.5740793020255563,1.2190181420635113,-0.06564600719126214
1,2,0,0,1,1,0,1,3,2,1,1.8967559748297103,-0.3426795685032964,-0.2726337212625227
1,2,0,0,1,1,0,1,3,3,1,1.638265659916844,0.13174996028670788,-0.20797575887881106
1,2,0,0,0,0,1,1,3,3,0,-0.3255377885000566,0.3532823387283648,-0.7059876639190474
1,3,0,0,1,0,0,1,3,3,1,1.3132230989637097,-0.18735677906764944,-0.280338440332256
1,3,0,0,0,0,0,1,4,3,1,-0.05709867219982335,0.27015908448350295,-0.1949619319586855
1,3,0,0,0,0,0,1,3,2,2,0.6000835973342173,-0.7702621372246043,-0.5663079557542646
1,3,0,0,1,1,0,1,4,5,1,1.4143206846141434,1.7639804397026588,0.029489275619978814
1,3,0,0,1,1,1,1,4,3,1,1.955897852662676,1.5816160582034549,-0.50270327137644
2,2,0,0,1,1,0,1,5,4,0,0.05486261866022993,1.3207465605879658,0.05504906243193968
2,2,0,0,1,1,1,1,5,5,0,-0.17903115802983718,2.5616707654587745,-0.2831695974133441
1,2,0,0,1,0,0,0,3,4,2,-0.13393727922119156,-1.0474279923916352,0.9997242700778161
2,2,0,0,1,1,1,1,3,3,1,1.1353333810382442,0.48082832204256004,-1.0258616450045024
2,2,0,0,0,0,0,0,2,3,2,-0.9759136433309089,-2.6137413577916453,-0.007942570652755939
2,1,0,0,0,0,0,1,3,2,2,-1.3109004380555953,-1.4224379093852355,-0.5842393162899586
2,3,0,0,0,0,0,1,3,2,2,0.07255478023281832,-1.1876784515495566,-0.9813172196509605
3,2,0,0,0,0,0,0,3,4,2,-2.160624729966349,-1.9907364504084903,-0.05160581075387291
2,2,0,0,1,0,0,1,3,2,2,0.3524569876309704,-1.1965823511004456,-0.5614667149321626
1,2,0,0,1,1,1,1,3,4,1,1.4043718832267766,1.3726741651575165,-0.5461944187240947
2,2,0,0,0,0,0,0,2,2,2,-0.7174233284180423,-3.0881708865816497,-0.07260053303646762
2,2,0,0,1,1,0,0,3,4,2,0.3553040737747501,-1.0283578384443905,0.4585387359540642
2,3,0,0,0,1,0,1,2,2,2,1.4880169049513332,-1.3171836761954627,-1.414181551289884
2,1,0,0,1,1,0,1,2,3,2,0.8177011882924121,-0.9690377758741868,-0.7311341325068734
3,2,0,0,1,1,0,1,2,2,2,1.2403902952480865,-1.743503890071304,-1.4093403104677822
3,1,0,0,1,1,1,1,3,3,1,-0.08392304520736162,-0.05396772120023188,-1.2423319572206974
1,3,0,0,0,0,1,0,4,3,0,-0.5294445881048522,-0.1804672526318432,0.41902724215817844
1,1,0,0,0,0,1,1,5,5,0,-2.3316299367123445,2.3167450532267395,0.23524333535261172
2,3,0,0,0,0,0,1,4,4,0,-0.8431178042140888,0.3271722989485548,-0.5453132334716697
1,2,0,0,0,1,1,1,4,3,1,0.29254042697611005,1.3557604999186648,-0.525475872734236
1,2,0,0,1,1,1,1,5,4,1,0.6069879739844284,2.504657550993722,0.06718170409964014
1,2,0,0,0,1,1,1,2,4,1,0.831434021305592,0.698206642872463,-1.0741940331742594
2,1,0,0,0,0,1,1,4,3,0,-1.9434861693668364,0.38447798840367603,-0.6157699147233748
2,2,0,0,0,0,1,1,4,3,0,-1.2517585602226298,0.5018577173215154,-0.814308866403876
2,3,0,0,0,1,0,0,3,3,2,0.3338921812894646,-1.493883467683506,-0.025969731148445543
3,1,0,0,1,1,1,1,4,3,0,-0.48261499982853584,0.5120239717178711,-0.93564389580883
1,2,0,0,1,1,0,1,3,4,1,1.3797753450039774,0.606179489076712,-0.14331779649509938
2,1,0,0,0,0,0,1,4,5,0,-2.485063337415369,0.5668423699028802,-0.08357736772695613
3,1,0,0,0,0,0,1,4,1,2,-1.9786308948653017,-1.7482920595820892,-0.7572184811584989
1,1,0,0,0,0,0,1,2,3,2,-0.6431699812458885,-1.0965837591883818,-0.41126015142141853
2,2,0,1,0,0,0,0,3,4,2,-1.0451930884434455,-1.4153951575692492,2.9658354881742532
1,2,0,0,1,0,0,1,3,3,1,0.621495489819503,-0.30473650798548896,-0.08179948865175503
1,2,0,1,0,0,0,1,3,2,2,0.4962588126115147,-0.7297168876281549,2.234663030957667
1,3,0,0,1,0,1,1,2,2,1,1.9950019067205496,-0.4612833246949522,-1.0545610863568304
1,2,0,0,1,0,0,0,3,2,2,0.3830433506045414,-1.9962870499716439,0.8704083453103927
1,2,0,0,1,0,1,1,4,2,1,0.5058903883339947,0.5533203322234143,-0.2426460118525947
1,2,0,0,0,0,0,1,4,4,0,-1.0073165962568966,0.6272088843556677,0.0682349821055271
1,2,0,0,1,0,0,1,2,2,2,1.2786777593535437,-1.3451577296935961,-0.4531455124473341
1,2,0,0,1,0,1,1,5,1,1,0.365688748625687,0.6448824963515128,-0.0006159128244389439
1,2,0,0,1,0,0,1,3,3,1,0.621495489819503,-0.30473650798548896,-0.08179948865175503
3,3,0,0,1,0,1,1,2,2,2,0.9399442725177516,-1.2961159533448572,-1.8845796141502222
1,1,0,0,1,0,1,1,3,3,1,-0.04563558110190454,0.344378439177476,-0.28613715920024957
2,2,0,0,1,0,0,1,4,3,0,-0.3047252819030703,-0.15616112939233828,-0.19012069113658342
1,3,0,0,1,0,0,1,5,2,1,0.7743295046342278,0.47019707797855215,0.2683797201077673
1,1,0,0,1,0,0,1,4,4,0,-0.7274143888587444,0.6183049848047788,0.48808548682432495
1,3,0,0,1,0,1,1,2,3,1,1.7365115918076832,0.013146204095052075,-0.9899031239731187
3,2,0,1,1,0,1,0,3,2,2,-0.05951492095395337,-1.906700024026455,2.239945230319436
1,2,0,0,0,0,0,1,4,1,2,-0.23184565151829717,-0.7960797020143451,-0.12573890504560795
1,1,0,0,1,1,0,1,4,2,1,0.8063364110643294,0.10593239549696717,0.2325932918298456
1,2,0,0,0,0,1,1,5,1,0,-0.6059410679166719,0.5364066669845623,-0.22192746586273596
2,2,0,0,1,0,1,1,4,4,0,-0.5386190585931375,1.0847630754784703,-0.5283393509818671
1,3,0,1,1,0,1,1,3,2,1,2.1842127765208796,0.26263334673743965,1.8545590100864675
1,1,0,0,1,0,0,1,2,2,2,0.5869501502093368,-1.4625374586114357,-0.25460656076683325
1,1,0,0,1,0,0,1,2,2,2,0.5869501502093368,-1.4625374586114357,-0.25460656076683325
1,1,0,0,0,0,0,1,2,4,2,-0.901660296158755,-0.6221542303983777,-0.34660218903770684
1,2,0,1,1,1,1,1,3,3,1,2.250765022561147,1.0561696148818012,1.9915796539236241
1,2,0,0,1,1,1,1,4,5,1,0.7471896136927361,2.4130953868656237,-0.17484839492851567
1,2,0,0,1,1,0,1,4,2,1,1.4980640202085362,0.2233121244148066,0.034054340149344706
2,2,0,0,1,0,1,1,3,1,2,0.6355438407666362,-0.9045172038096454,-1.0290012995448696
1,2,0,0,1,0,1,1,5,2,1,0.10719843371282049,1.119312025141517,0.06404204955927273
1,2,0,0,0,0,1,1,3,2,1,-0.06704747358719008,-0.12114719006163951,-0.7706456263027591
1,1,0,0,1,0,0,1,4,3,0,-0.468924073945878,0.1438754560147746,0.42342752444061327
2,1,0,0,1,0,1,0,5,1,2,-1.350510131747747,-1.1070345600874294,0.7997795713052256
1,3,0,0,1,0,1,1,4,3,1,0.9391276825653347,1.1451295899312581,-0.376527001149384
2,3,0,0,1,0,1,1,4,3,1,0.41159886546393576,0.7277132756063054,-0.7915362650460799
1,3,0,1,1,0,1,1,3,2,1,2.1842127765208796,0.26263334673743965,1.8545590100864675
1,1,0,1,1,0,1,0,3,1,2,0.5623054190175044,-1.663676653084394,3.203844747409617
2,2,0,0,1,0,1,1,3,3,1,0.11856321094090318,0.044341853770363045,-0.8996853747774463
1,1,0,0,1,0,0,1,4,3,0,-0.468924073945878,0.1438754560147746,0.42342752444061327
1,2,0,0,1,0,1,1,3,3,1,0.6460920280423023,0.4617581680953155,-0.4846761108807505
1,1,0,1,1,0,0,1,4,1,1,0.6359593803013591,-0.647058623050945,2.8965436347046207
1,2,0,1,1,1,1,1,2,2,1,2.9079472920951877,0.01574839317369401,1.6202336301280449
1,2,0,0,1,0,0,1,3,5,1,0.10451485999376998,0.6441225495945195,0.04751643611566833
1,2,0,0,1,0,0,0,3,3,2,0.12455303569167493,-1.5218575211816394,0.9350663076941044
1,2,0,1,1,0,1,1,4,4,1,0.5768125829297658,1.6601043683177117,2.489101947946259
3,2,0,0,1,0,0,1,3,3,2,-0.43356214438329516,-1.1395691366353935,-0.9118180164451468
1,2,0,0,1,0,0,1,3,3,1,0.621495489819503,-0.30473650798548896,-0.08179948865175503
2,1,0,0,0,0,0,0,5,5,0,-3.3806977461643712,-0.08428695037516734,1.2399764900307708
1,1,0,1,1,0,0,1,3,4,1,0.2591803901839338,0.21023827040096477,2.7838294604438882
1,1,0,0,0,0,0,1,3,4,0,-1.3003522507799292,-0.05616253748027486,-0.03991412762583943
1,2,0,0,0,0,1,1,3,4,0,-0.5840281034129231,0.827711867518369,-0.6413297015353357
1,2,0,0,1,0,1,1,3,2,1,0.9045823429551688,-0.012671360694688792,-0.5493340732644622
1,2,0,0,1,0,1,0,2,2,2,0.8063318434485149,-1.7957840668089424,0.16084366166952985
1,2,0,1,1,0,1,1,3,2,1,1.4924851673766728,0.1452536178196002,2.0530979617669685
1,2,0,0,1,1,0,1,2,3,1,2.036957614538018,-0.43424173263139504,-0.5146638202906785
1,2,0,0,1,0,1,0,4,4,0,-0.5080326956195664,0.2850583766072721,0.9035357092606882
1,2,0,1,0,0,1,1,4,3,0,-0.1363269186997267,1.077199010160757,2.2031324325242503
1,3,0,1,1,0,1,1,4,4,1,1.2685401920739725,1.7774840972355512,2.2905629962657583
1,2,0,1,0,0,1,1,4,4,0,-0.3948172336125932,1.5516285389507611,2.267790394907962
3,2,0,0,1,0,1,1,4,3,0,-0.80765756078167,0.19291723236351369,-1.0080065772622748
1,2,0,1,1,0,0,1,3,4,1,0.9509079993281404,0.3276179993188042,2.585290508763387
1,1,0,0,0,0,1,0,3,2,2,-1.255717536859225,-1.4556479321756293,0.4447591217236012
1,2,0,1,1,0,1,1,3,3,1,1.2339948524638065,0.6196831466096044,2.11775592415068
1,2,0,0,1,0,1,1,3,3,1,0.6460920280423023,0.4617581680953155,-0.4846761108807505
1,2,0,0,1,0,0,1,4,3,1,0.22280353519832885,0.26125518493261407,0.22488857276011243
1,1,0,1,1,0,1,1,2,2,1,1.1994495128536402,-0.5381178040163421,1.944948852035602
1,3,0,1,0,0,0,1,3,2,1,1.1879864217557212,-0.6123371587103154,2.036124079277166
1,2,0,0,1,0,0,1,4,4,0,-0.035686779714537625,0.7356847137226182,0.2895465351438241
2,2,0,0,0,1,1,1,3,3,1,0.1637035644958852,0.3723524926756093,-1.2471731980427994
1,2,0,0,1,0,1,1,3,2,1,0.9045823429551688,-0.012671360694688792,-0.5493340732644622
2,2,0,0,0,0,0,1,4,4,0,-1.5348454133582956,0.20979257003071533,-0.34677428179116887
1,2,0,0,1,0,0,0,3,4,2,-0.13393727922119156,-1.0474279923916352,0.9997242700778161
1,3,0,0,1,0,1,1,3,3,1,1.337819637186509,0.579137897013155,-0.6832150625612513
2,2,0,0,0,0,1,1,4,2,0,-0.9932682453097633,0.027428188531511168,-0.8789668287875877
1,3,0,0,1,0,0,1,3,3,1,1.3132230989637097,-0.18735677906764944,-0.280338440332256
1,1,0,0,0,0,1,1,5,5,0,-2.3316299367123445,2.3167450532267395,0.23524333535261172
1,2,0,1,1,0,0,0,3,3,2,0.7124558601131789,-1.3639325426673505,3.5374983427255344
2,2,0,0,1,0,1,1,3,3,1,0.11856321094090318,0.044341853770363045,-0.8996853747774463
2,1,0,1,1,1,1,1,3,3,1,1.0315085963155415,0.5213735716390094,1.7751093417074293
1,2,0,0,1,0,0,0,3,5,2,-0.3924275941340581,-0.572998463601631,1.0643822324615277
1,1,0,0,0,0,1,1,3,4,0,-1.27575571255713,0.7103321386005296,-0.4427907498548349
1,3,0,1,1,0,0,1,3,5,1,1.3841452935594807,0.919427257026648,2.451409519466598
1,1,0,1,1,0,1,1,5,5,0,-0.7720972957484817,2.583145861107979,3.0589869234223395
1,3,0,0,1,0,1,1,4,3,1,0.9391276825653347,1.1451295899312581,-0.376527001149384
1,1,0,0,1,1,1,1,3,3,1,0.9711345889954364,0.7808649074496727,-0.41231342942730564
2,2,0,1,1,0,0,1,3,5,1,0.164888867313875,0.38463121378385606,2.234939207250403
1,2,0,0,1,0,1,1,4,4,0,-0.011090241491738345,1.5021793898034228,-0.11333008708517135
1,3,0,0,1,0,1,1,3,3,1,1.337819637186509,0.579137897013155,-0.6832150625612513
1,3,0,0,1,0,1,1,4,5,1,0.42214705273960174,2.0939886475112663,-0.2472110763819606
1,1,0,0,0,0,1,1,5,3,0,-1.8146493068866116,1.3678859956467313,0.10592741058518836
1,1,0,0,0,0,0,1,5,2,0,-1.5807555301965446,0.1269617907759226,0.44414607043047216
1,2,0,0,0,0,1,1,4,2,0,-0.4657394282083643,0.4448445028564635,-0.46395756489089174
1,2,0,0,1,0,1,1,4,4,0,-0.011090241491738345,1.5021793898034228,-0.11333008708517135
2,2,0,0,1,0,1,0,4,3,2,-0.7770711978080991,-0.6067874665076844,0.42386848298028046
2,1,0,0,0,0,1,1,4,2,0,-1.68499585445397,-0.08995154038632827,-0.6804278771070865
1,1,0,0,0,0,0,1,4,3,0,-1.4405538904882367,0.035399626647823916,0.20211597140231635
1,2,0,0,0,0,0,1,2,3,2,0.04855762789831814,-0.9792040302705425,-0.6097991031019194
2,2,0,0,1,0,1,1,2,2,2,0.7757454804749438,-0.9960793679377442,-1.2710313985730255
1,1,0,0,1,0,1,1,4,4,0,-0.7028178506359452,1.3847996608855833,0.08520886459532957
1,2,0,0,0,0,0,1,4,4,0,-1.0073165962568966,0.6272088843556677,0.0682349821055271
1,1,0,1,0,0,0,1,5,5,0,-1.76832365051364,1.7081753556602244,3.240551992613038
1,2,0,1,0,0,1,1,3,2,1,0.520855350834314,0.03677778845264954,1.8317864087286713
1,1,0,0,0,0,1,1,5,5,0,-2.3316299367123445,2.3167450532267395,0.23524333535261172
2,3,0,0,1,0,0,1,2,3,2,1.1843862364834847,-1.1707647863107047,-1.0020357656408194
2,3,0,0,1,0,0,1,2,2,2,1.442876551396351,-1.6451943151007091,-1.066693728024531
3,1,0,0,1,0,0,1,2,2,2,-0.4681074839934611,-2.2973700872613403,-1.0846250885602253
3,1,0,0,1,0,1,1,3,3,0,-1.1006932153047024,-0.4904541894724287,-1.1161556869936415
1,1,0,0,1,0,0,1,4,4,0,-0.7274143888587444,0.6183049848047788,0.48808548682432495
1,1,0,0,0,0,0,1,2,1,2,-0.12618935142015553,-2.0454428167683902,-0.5405760761888418
1,3,0,0,1,0,1,1,3,3,1,1.337819637186509,0.579137897013155,-0.6832150625612513
3,2,0,0,0,0,0,0,4,5,0,-2.817806999500389,-0.9503152287003833,0.31974021304170624
2,1,0,0,0,0,1,1,3,4,0,-1.803284529658529,0.2929158242755772,-0.8578000137515306
1,3,0,0,1,0,1,1,3,3,1,1.337819637186509,0.579137897013155,-0.6832150625612513
2,1,0,0,1,0,1,0,3,3,2,-1.0701068523311317,-1.2901588883436268,0.31571937324891397
2,1,0,0,1,0,1,1,3,2,2,-0.31467408329043717,-0.5474674039374806,-0.765804385480657
2,1,0,0,0,0,1,1,3,2,2,-1.286303899832796,-0.6559432333044313,-0.987115938518954
1,2,0,0,0,0,0,0,3,2,2,-0.5885864659378176,-2.1047628793385944,0.6490967922720958
1,3,0,0,1,0,1,1,3,3,1,1.337819637186509,0.579137897013155,-0.6832150625612513
2,1,0,0,1,0,1,1,3,3,0,-0.5731643982033037,-0.07303787514747637,-0.7011464230969453
1,3,0,0,1,0,1,1,2,2,1,1.9950019067205496,-0.4612833246949522,-1.0545610863568304
1,1,0,0,0,0,0,1,4,4,0,-1.6990442054011032,0.5098291554378281,0.26677393378602804
1,1,0,0,1,0,0,1,4,5,0,-0.985904703771611,1.092734513594783,0.5527434492080366
1,2,0,0,1,0,0,1,4,2,1,0.48129385011119535,-0.21317434385739023,0.16023061037640074
2,1,0,0,1,0,1,1,4,2,0,-0.7133660379116112,0.018524288980622285,-0.4591163240687896
1,2,0,0,1,0,0,1,3,2,1,0.8799858047323695,-0.7791660367754932,-0.1464574510354667
1,2,0,0,0,0,0,0,3,4,2,-1.1055670957635506,-1.1559038217585857,0.7784127170395192
1,1,0,0,1,0,0,1,3,2,2,0.1882581955881627,-0.8965457656933327,0.05208150064503417
2,3,0,0,1,1,1,1,2,1,1,2.7427335746293577,-0.9166426995377119,-1.6604045828642942
1,1,0,0,1,0,0,1,5,4,0,-1.1261063434799188,1.1842966777228818,0.7947735482361925
1,1,0,1,1,0,0,0,2,1,2,0.9364008354158794,-2.996163022083301,3.300033308226745
1,2,0,1,0,1,1,0,4,4,1,0.12501048235691967,0.7709939940268073,3.1584799210267653
3,1,0,0,0,0,0,0,2,2,2,-1.9366797546636487,-3.6229669298244414,-0.28907084525266274
2,1,0,0,0,0,1,0,4,4,0,-2.698918938407531,-0.3582134960024702,0.4657538440061961
1,2,0,0,0,0,0,1,3,5,0,-0.8671149565485889,0.535646720227569,-0.17379511692262867
1,2,0,0,0,0,0,1,2,3,2,0.04855762789831814,-0.9792040302705425,-0.6097991031019194
1,2,0,0,1,0,0,1,4,2,1,0.48129385011119535,-0.21317434385739023,0.16023061037640074
2,2,0,0,1,0,1,1,3,2,1,0.37705352585376967,-0.43008767501964124,-0.9643433371611579
1,2,0,0,1,0,1,1,4,4,0,-0.011090241491738345,1.5021793898034228,-0.11333008708517135
1,2,0,0,0,0,1,1,3,5,0,-0.8425184183257896,1.3021413963083732,-0.5766717391516241
2,2,0,0,1,0,1,1,4,5,0,-0.797109373506004,1.5591926042684745,-0.4636813885981555
2,2,0,0,0,0,1,1,4,4,0,-1.5102488751354963,0.9762872461115196,-0.7496509040201643
2,2,0,0,0,0,1,1,4,4,0,-1.5102488751354963,0.9762872461115196,-0.7496509040201643
1,2,0,0,0,0,1,1,3,4,0,-0.5840281034129231,0.827711867518369,-0.6413297015353357
1,1,0,0,1,0,1,1,3,3,1,-0.04563558110190454,0.344378439177476,-0.28613715920024957
1,2,0,0,1,1,1,1,2,3,1,2.061554152760817,0.33225294344940937,-0.9175404425196738
1,2,0,0,1,1,1,1,4,3,1,1.2641702435184692,1.4642363292856153,-0.30416431969593904
1,2,0,0,0,0,1,1,2,3,1,0.07315416612111754,-0.21270935418973813,-1.0126757253309149
1,2,0,0,1,0,1,0,4,2,2,0.00894793420616654,-0.6638006809727364,0.7742197844932648
1,2,0,0,1,0,1,1,3,3,1,0.6460920280423023,0.4617581680953155,-0.4846761108807505
1,2,0,0,1,0,0,1,2,2,2,1.2786777593535437,-1.3451577296935961,-0.4531455124473341
1,2,0,0,1,0,1,1,3,4,1,0.38760171312943575,0.9361876968853197,-0.42001814849703883
1,1,0,0,1,0,1,1,3,3,1,-0.04563558110190454,0.344378439177476,-0.28613715920024957
1,2,0,0,0,0,1,1,2,3,1,0.07315416612111754,-0.21270935418973813,-1.0126757253309149
1,2,0,0,1,0,0,1,3,3,1,0.621495489819503,-0.30473650798548896,-0.08179948865175503
1,2,0,0,0,0,0,1,3,3,2,-0.350134326722856,-0.4132123373524395,-0.30311104169005204
1,2,0,0,0,0,1,1,3,3,0,-0.3255377885000566,0.3532823387283648,-0.7059876639190474
2,2,0,0,0,0,1,1,4,4,0,-1.5102488751354963,0.9762872461115196,-0.7496509040201643
1,1,0,0,1,0,1,1,3,2,1,0.21285473381096198,-0.1300510896125283,-0.3507951215839612
2,1,0,0,0,0,0,1,3,3,2,-1.5693907529684616,-0.9480083805952313,-0.5195813539062469
1,2,0,0,0,0,1,1,3,2,1,-0.06704747358719008,-0.12114719006163951,-0.7706456263027591
1,1,0,0,0,0,0,1,2,3,2,-0.6431699812458885,-1.0965837591883818,-0.41126015142141853
3,1,0,0,1,0,1,1,3,4,0,-1.359183530217569,-0.016024660682424505,-1.05149772460993
1,2,0,0,1,0,0,1,5,2,1,0.08260189549002121,0.3528173490607127,0.4669186717882682
1,2,0,0,1,0,1,1,3,5,1,0.12911139821656928,1.410617225675324,-0.35536018611332715
1,2,0,1,1,0,1,0,4,3,1,0.3383604437148041,-0.0314461736684431,3.4413097819084064
1,2,0,0,1,0,0,0,4,4,2,-0.5326292338423657,-0.4814362994735323,1.3064123314896834
1,1,0,0,1,0,0,1,3,2,2,0.1882581955881627,-0.8965457656933327,0.05208150064503417
1,2,0,0,1,0,0,1,3,3,1,0.621495489819503,-0.30473650798548896,-0.08179948865175503
1,2,0,0,0,0,1,1,3,2,1,-0.06704747358719008,-0.12114719006163951,-0.7706456263027591
2,1,0,0,1,0,0,0,3,2,2,-0.8362130756410647,-2.5310830932144355,0.6539380330941978
2,3,0,0,1,0,1,1,4,2,1,0.6700891803768023,0.25328374681630117,-0.8561942274297916
1,2,0,0,1,0,0,1,3,5,1,0.10451485999376998,0.6441225495945195,0.04751643611566833
1,2,0,1,1,0,0,1,3,4,1,0.9509079993281404,0.3276179993188042,2.585290508763387
1,2,0,0,1,0,1,1,4,4,0,-0.011090241491738345,1.5021793898034228,-0.11333008708517135
1,1,0,0,1,0,0,0,2,1,2,0.3484980109943752,-3.15408800059759,0.6976012731953145
2,2,0,0,0,0,0,1,4,4,0,-1.5348454133582956,0.20979257003071533,-0.34677428179116887
1,2,0,0,0,0,0,1,4,5,0,-1.2658069111697632,1.101638413145672,0.13289294448923877
1,2,0,0,1,0,0,1,2,4,1,0.7616971295278108,-0.3962986721135877,-0.32382958767991077
2,1,0,0,1,0,0,0,3,3,2,-1.0947033905539312,-2.056653564424431,0.7185959954779095
1,3,0,0,1,0,1,1,3,3,1,1.337819637186509,0.579137897013155,-0.6832150625612513
2,2,0,0,1,0,1,1,2,5,1,0.0002745357363442987,0.42720921843226856,-1.0770575114218903
1,3,0,0,1,0,1,0,3,4,1,0.5823868681458144,-0.16355358739299128,0.39830869616831965
1,2,0,1,0,0,0,1,3,1,2,0.7547491275243812,-1.204146416418159,2.170005068573955
1,3,0,0,1,0,1,1,3,2,1,1.5963099520993753,0.10470836822315074,-0.747873024944963
1,2,0,0,0,0,1,1,3,3,0,-0.3255377885000566,0.3532823387283648,-0.7059876639190474
1,2,0,0,0,0,1,1,3,4,0,-0.5840281034129231,0.827711867518369,-0.6413297015353357
1,2,0,0,1,0,0,1,3,3,1,0.621495489819503,-0.30473650798548896,-0.08179948865175503
2,3,0,0,0,0,1,1,2,3,2,0.2373529581639252,-0.512745939596851,-1.6262239409081116
1,2,0,0,0,0,1,1,2,3,1,0.07315416612111754,-0.21270935418973813,-1.0126757253309149
2,2,0,0,1,0,1,1,5,2,0,-0.4203303833885787,0.7018957108165648,-0.35096721433742306
1,2,0,1,1,0,1,1,5,5,0,-0.08036968660427495,2.7005255900258187,2.8604479717418383
1,2,0,0,1,0,1,1,2,4,1,0.78629366775061,0.37019600396721675,-0.7267062099089062
2,2,0,0,1,0,0,1,4,2,2,-0.046234966990203775,-0.6305906581823426,-0.2547786535202951
2,3,0,0,0,0,1,1,3,3,0,-0.16133899645724892,0.05324575332125193,-1.3195358794962442
1,2,0,0,0,0,1,1,4,2,0,-0.4657394282083643,0.4448445028564635,-0.46395756489089174
1,1,0,0,0,0,0,1,5,2,0,-1.5807555301965446,0.1269617907759226,0.44414607043047216
1,2,0,0,0,0,1,1,3,3,0,-0.3255377885000566,0.3532823387283648,-0.7059876639190474
1,1,0,0,1,0,1,1,2,1,2,0.8700370033450027,-1.1704723113206355,-0.7221411453795403
1,2,0,0,0,0,1,0,4,2,2,-0.9626818823361923,-0.7722765103396869,0.5529082314549677
1,3,0,0,1,0,1,1,3,2,1,1.5963099520993753,0.10470836822315074,-0.747873024944963
1,1,0,0,0,0,0,1,3,5,0,-1.5588425656927958,0.4182669913097294,0.024743834757872257
1,2,0,0,0,0,0,1,5,4,0,-1.4060085508780709,1.1932005772737706,0.3749230435173945
2,3,0,0,0,0,1,1,3,3,0,-0.16133899645724892,0.05324575332125193,-1.3195358794962442
1,2,0,0,1,0,1,0,3,2,2,0.4076398888273407,-1.2297923738908394,0.46753172308139734
2,2,0,0,0,0,1,1,5,5,0,-2.167431144669537,2.016708467819627,-0.37830488022458525
2,2,0,0,1,0,0,1,3,3,2,0.0939666727181039,-0.7221528223104413,-0.4968087525484509
1,1,0,0,0,0,1,1,4,5,0,-1.9329379820911705,1.7507533603086367,-0.07144472605925574
1,1,0,0,0,1,1,1,3,2,1,0.25799508736594395,0.19795954929271806,-0.6982829448493142
1,2,0,0,1,1,0,1,3,1,1,2.155246289742577,-0.8171090972933006,-0.3372916836462344
2,3,0,0,0,0,0,1,3,3,2,-0.1859355346800482,-0.7132489227595524,-0.9166592572672488
2,3,0,0,1,0,0,1,2,2,2,1.442876551396351,-1.6451943151007091,-1.066693728024531
1,2,0,1,0,0,0,0,3,2,2,-0.0006836415163133728,-1.9468379008243055,3.251528827303526
2,3,0,0,1,0,0,1,4,4,1,0.1285120123282699,0.43564812831550537,-0.32400168043337285
3,1,0,0,0,0,0,1,3,3,2,-2.096919570069861,-1.3654246949201836,-0.934590617802943
1,2,0,0,1,0,0,0,3,4,2,-0.13393727922119156,-1.0474279923916352,0.9997242700778161
2,1,0,0,0,0,0,1,2,2,2,-0.912208483434421,-1.9884296023033385,-0.8909273777018261
1,2,0,0,1,0,0,1,3,3,1,0.621495489819503,-0.30473650798548896,-0.08179948865175503
1,1,0,0,0,0,0,1,3,2,2,-0.7833716209541962,-1.0050215950602834,-0.16923005239326278
2,1,0,0,0,0,0,1,4,5,0,-2.485063337415369,0.5668423699028802,-0.08357736772695613
2,1,0,0,0,0,1,0,3,2,2,-1.783246353960624,-1.8730642465005818,0.029749857826905358
1,1,0,0,0,0,0,1,4,2,0,-1.1820635755753703,-0.43902990214218035,0.13745800901860467
1,2,0,0,1,0,0,1,3,4,1,0.3630051749066365,0.16969302080451526,-0.017141526268043352
1,2,0,0,1,0,0,1,3,3,1,0.621495489819503,-0.30473650798548896,-0.08179948865175503
1,3,0,0,1,0,1,1,3,4,1,1.0793293222736424,1.0535674258031593,-0.6185571001775396
1,3,0,0,1,0,0,0,4,3,2,0.41758869021470746,-0.838486099345697,1.0432154174254709
1,2,0,1,0,0,0,0,2,3,2,0.13951799819199423,-2.038400064952404,3.00949872827537
1,2,0,0,1,0,0,1,3,1,2,1.138476119645236,-1.2535955655654973,-0.2111154134191784
1,2,0,0,0,0,1,1,2,4,0,-0.18533614879174895,0.2617201746002661,-0.9480177629472032
2,1,0,0,0,0,0,0,2,2,2,-1.4091509375622493,-3.2055506154994893,0.12593841864403338
2,2,0,0,1,1,1,1,2,3,1,1.5340253356594185,-0.08516337087554293,-1.3325497064163698
1,2,0,0,1,0,0,1,3,2,1,0.8799858047323695,-0.7791660367754932,-0.1464574510354667
1,3,0,0,0,0,1,0,3,2,2,0.12773768142918854,-1.2208884743399504,0.04768121836259935
1,3,0,0,0,0,1,0,2,3,2,0.26793932113749613,-1.312450638468049,-0.1943488806655564
1,3,0,0,1,0,1,1,3,3,1,1.337819637186509,0.579137897013155,-0.6832150625612513
2,1,0,0,0,0,0,1,4,4,0,-2.2265730225025027,0.09241284111287587,-0.1482353301106678
2,2,0,0,1,0,1,1,2,5,1,0.0002745357363442987,0.42720921843226856,-1.0770575114218903
1,2,0,0,0,0,1,1,4,4,0,-0.9827200580340972,1.393703560436472,-0.3346416401234684
2,2,0,0,0,0,1,1,3,4,0,-1.1115569205143223,0.41029555319341665,-1.0563389654320319
1,2,0,0,1,0,1,1,4,5,0,-0.2695805564046049,1.976608918593427,-0.048672124701459665
2,2,0,0,1,0,0,1,3,5,0,-0.4230139571076291,0.2267062352695672,-0.36749282778102754
1,2,0,0,1,0,1,1,3,5,1,0.12911139821656928,1.410617225675324,-0.35536018611332715
2,2,0,0,1,0,0,0,4,3,2,-0.8016677360308984,-1.3732821425884887,0.826745105209276
1,2,0,0,1,0,1,0,5,2,0,-0.3897440204150076,-0.09780898805463342,1.080907845905132
1,2,0,0,1,0,0,1,2,5,1,0.5032068146149442,0.07813085667641659,-0.2591716252961991
2,2,0,0,1,0,0,1,3,3,2,0.0939666727181039,-0.7221528223104413,-0.4968087525484509
2,2,0,1,1,0,0,1,4,4,1,0.02468722760556738,0.4761933779119548,2.4769693062785585
2,1,0,0,0,0,1,1,2,4,0,-1.4045925750373547,-0.27307586864252575,-1.1644880751633981
3,3,0,0,1,0,0,1,2,3,2,0.6568574193820857,-1.588181100635657,-1.4170450295375152
2,1,0,0,0,0,1,1,2,3,2,-1.1461022601244881,-0.74750539743253,-1.2291460375471097
2,1,0,0,0,0,0,1,4,4,0,-2.2265730225025027,0.09241284111287587,-0.1482353301106678
2,1,0,0,0,0,1,1,5,4,0,-2.6006684389008776,1.4248992101117832,-0.24442389092779573
1,1,0,0,0,0,0,1,4,4,0,-1.6990442054011032,0.5098291554378281,0.26677393378602804
2,2,0,1,0,0,1,1,4,4,0,-0.9223460507139921,1.1342122246258086,1.852781131011266
1,2,0,0,1,0,0,1,4,5,0,-0.29417709462740416,1.2101142425126226,0.3542044975275358
2,2,0,0,0,0,1,1,3,1,2,-0.33608597577572286,-1.012993033176596,-1.2503128525831668
1,2,0,0,0,0,0,1,3,3,2,-0.350134326722856,-0.4132123373524395,-0.30311104169005204
1,3,0,0,1,0,0,1,3,3,1,1.3132230989637097,-0.18735677906764944,-0.280338440332256
1,3,0,0,1,0,0,1,3,3,1,1.3132230989637097,-0.18735677906764944,-0.280338440332256
1,3,0,0,0,0,1,1,2,4,1,0.5063914603524577,0.37909990351810563,-1.1465567146277043
1,2,0,0,1,0,1,1,4,3,1,0.24740007342112813,1.0277498610134186,-0.17798804946888303
1,2,0,0,1,0,1,1,3,2,1,0.9045823429551688,-0.012671360694688792,-0.5493340732644622
1,3,0,0,1,0,0,1,2,2,1,1.9704053684977503,-1.2277780007757566,-0.6516844641278351
2,3,0,0,1,0,1,1,4,2,1,0.6700891803768023,0.25328374681630117,-0.8561942274297916
1,1,0,0,1,0,0,1,4,3,0,-0.468924073945878,0.1438754560147746,0.42342752444061327
2,2,0,0,1,0,1,1,3,4,0,-0.1399271039719633,0.5187713825603673,-0.8350274123937346
2,2,0,0,1,0,0,1,4,5,0,-0.8217059117288033,0.7926979281876702,-0.06080476636916006
1,1,0,0,1,0,0,1,4,2,2,-0.21043375903301145,-0.33055407277522963,0.35876956205690164
1,2,0,0,1,1,0,1,2,4,1,1.7784672996251516,0.04018779615860915,-0.45000585790696684
2,3,0,0,1,0,1,1,3,4,1,0.5518005051722434,0.6361511114782067,-1.0335663640742359
2,3,0,0,1,0,0,1,3,3,1,0.7856942818623105,-0.6047730933926019,-0.6953477042289519
1,2,0,0,0,0,1,0,5,3,0,-1.619864151870233,0.26814471136842033,0.9242542552505468
1,2,0,1,1,0,0,0,4,4,1,0.05527359057913825,-0.3235113209592434,3.9088443665211137
2,2,0,0,1,0,1,1,3,3,1,0.11856321094090318,0.044341853770363045,-0.8996853747774463
2,2,0,0,0,0,1,1,2,1,2,0.06260597884545133,-1.578984726094699,-1.5570009139950343
1,1,0,0,0,0,1,1,4,4,0,-1.674447667178304,1.2763238315186325,-0.1361026884429674
1,3,0,0,1,0,1,1,3,4,1,1.0793293222736424,1.0535674258031593,-0.6185571001775396
2,1,0,0,1,0,0,1,2,4,2,-0.4575592967177954,-0.9310947153563794,-0.5402998998961057
1,3,0,0,1,0,1,1,3,4,1,1.0793293222736424,1.0535674258031593,-0.6185571001775396
2,2,0,0,1,0,1,1,4,4,0,-0.5386190585931375,1.0847630754784703,-0.5283393509818671
1,2,0,0,1,0,0,1,4,4,0,-0.035686779714537625,0.7356847137226182,0.2895465351438241
1,1,0,0,1,0,1,1,4,4,0,-0.7028178506359452,1.3847996608855833,0.08520886459532957
1,1,0,0,0,0,1,1,3,4,0,-1.27575571255713,0.7103321386005296,-0.4427907498548349
1,2,0,0,1,0,0,1,2,2,2,1.2786777593535437,-1.3451577296935961,-0.4531455124473341
1,2,0,1,1,0,0,1,3,3,1,1.209398314241007,-0.1468115294712,2.5206325463796753
1,2,0,0,0,0,1,1,2,3,1,0.07315416612111754,-0.21270935418973813,-1.0126757253309149
1,1,0,0,1,0,0,1,2,5,0,-0.18852079452926265,-0.03924887224142285,-0.0606326736156982
3,3,0,0,0,0,1,0,5,5,0,-2.5001748067545573,0.4995508692163636,0.025012700544077393
1,1,0,0,1,0,1,1,3,5,0,-0.5626162109276376,1.2932374967574845,-0.1568212344328262
1,2,0,0,1,0,0,0,2,2,2,0.7817353052257155,-2.5622787428897467,0.5637202838985252
1,3,0,0,1,0,1,1,3,2,1,1.5963099520993753,0.10470836822315074,-0.747873024944963
1,3,0,0,1,0,0,1,4,3,1,0.9145311443425355,0.37863491385045356,0.026349621079611474
2,3,0,0,0,0,0,1,3,3,2,-0.1859355346800482,-0.7132489227595524,-0.9166592572672488
2,3,0,0,0,0,1,1,5,5,0,-1.4757035355253303,2.134088196737466,-0.5768438319050859
1,3,0,0,0,0,1,1,3,3,1,0.36618982064415007,0.4706620676462044,-0.9045266155995483
1,1,0,0,0,0,1,1,3,5,0,-1.5342460274699965,1.184761667390534,-0.3781327874711232
1,3,0,0,1,0,1,1,4,4,1,0.6806373676524683,1.6195591187212623,-0.3118690387656723
2,3,0,0,1,0,0,1,3,3,1,0.7856942818623105,-0.6047730933926019,-0.6953477042289519
1,1,0,0,1,1,1,1,2,5,1,0.8528459137908775,1.1637322721115784,-0.5896855660717496
1,1,0,0,1,0,0,0,3,4,2,-0.8256648883653984,-1.1648077213094745,1.198263221758317
1,3,0,0,1,0,0,1,4,3,1,0.9145311443425355,0.37863491385045356,0.026349621079611474
1,1,0,0,0,0,0,1,4,2,0,-1.1820635755753703,-0.43902990214218035,0.13745800901860467
1,2,0,0,0,0,1,1,3,4,0,-0.5840281034129231,0.827711867518369,-0.6413297015353357
1,2,0,0,0,0,1,1,3,3,0,-0.3255377885000566,0.3532823387283648,-0.7059876639190474
1,3,0,0,0,0,0,1,4,5,0,-0.5740793020255563,1.2190181420635113,-0.06564600719126214
1,2,0,0,1,0,0,1,3,2,1,0.8799858047323695,-0.7791660367754932,-0.1464574510354667
1,2,0,0,1,0,0,1,3,3,1,0.621495489819503,-0.30473650798548896,-0.08179948865175503
1,2,0,0,1,0,1,1,3,3,1,0.6460920280423023,0.4617581680953155,-0.4846761108807505
1,2,0,0,0,0,1,1,3,3,0,-0.3255377885000566,0.3532823387283648,-0.7059876639190474
1,2,0,0,1,0,0,1,3,1,2,1.138476119645236,-1.2535955655654973,-0.2111154134191784
1,3,0,0,1,0,0,1,3,3,1,1.3132230989637097,-0.18735677906764944,-0.280338440332256
1,3,0,0,0,0,0,1,4,3,1,-0.05709867219982335,0.27015908448350295,-0.1949619319586855
1,3,0,0,0,0,0,1,3,2,2,0.6000835973342173,-0.7702621372246043,-0.5663079557542646
1,3,0,0,1,0,0,1,4,5,1,0.39755051451680246,1.327493971430462,0.15566554584703482
1,3,0,0,1,0,1,1,4,3,1,0.9391276825653347,1.1451295899312581,-0.376527001149384
2,2,0,0,1,0,1,1,3,4,0,-0.1399271039719633,0.5187713825603673,-0.8350274123937346
1,2,0,0,1,0,1,1,3,5,1,0.12911139821656928,1.410617225675324,-0.35536018611332715
1,2,0,0,1,0,1,1,4,4,0,-0.011090241491738345,1.5021793898034228,-0.11333008708517135
1,2,0,0,0,0,1,1,3,5,0,-0.8425184183257896,1.3021413963083732,-0.5766717391516241
1,2,0,0,1,0,1,1,3,4,1,0.38760171312943575,0.9361876968853197,-0.42001814849703883
1,3,0,0,1,0,0,1,4,2,1,1.173021459255402,-0.09579461493955074,-0.03830834130410021
1,2,0,0,1,0,1,1,2,2,1,1.303274297576343,-0.5786630536127917,-0.8560221346763296
2,3,0,0,0,0,0,1,2,2,2,0.47124673485399243,-1.7536701444676597,-1.2880052810628282
1,2,0,0,1,0,0,1,4,4,0,-0.035686779714537625,0.7356847137226182,0.2895465351438241
1,3,0,0,1,0,0,1,3,4,1,1.0547327840508431,0.28707274972235475,-0.2156804779485443
1,1,0,0,0,0,0,1,3,4,0,-1.3003522507799292,-0.05616253748027486,-0.03991412762583943
2,1,0,0,1,0,0,1,3,3,2,-0.5977609364261031,-0.8395325512282806,-0.29826980086795
2,2,0,0,1,0,1,1,4,4,0,-0.5386190585931375,1.0847630754784703,-0.5283393509818671
2,1,0,0,1,0,0,1,4,4,0,-1.2549432059601435,0.20088867047982656,0.07307622292762915
2,2,0,0,0,0,0,0,5,2,2,-1.9134991922815652,-1.3901958078273406,0.8474636511991347
2,1,0,0,0,0,0,0,3,4,2,-2.3248235220091567,-1.6906998650013774,0.5619424048233242
1,2,0,0,1,0,0,0,3,2,2,0.3830433506045414,-1.9962870499716439,0.8704083453103927
1,3,0,1,0,0,0,1,4,3,1,0.5308041522216806,0.42808406299779184,2.407470103072745
2,1,0,0,0,0,0,1,5,1,0,-1.849794032385077,-0.7648840523390339,-0.0355211558499354
2,2,0,0,1,0,0,1,4,3,0,-0.3047252819030703,-0.15616112939233828,-0.19012069113658342
2,1,0,0,1,0,1,0,2,3,2,-0.6714148977099575,-1.8561505812617296,0.009031311837046588
2,1,0,0,1,0,0,1,5,5,0,-1.9121254754941843,1.2413098921879337,0.4444222467232083
2,2,0,0,1,0,1,0,4,5,0,-1.294051827633832,0.34207159107232404,0.5531844077477038
1,2,0,0,0,1,0,1,4,3,1,0.26794388875331077,0.5892658238378603,-0.12259925050524062
1,2,0,0,1,0,1,1,3,4,1,0.38760171312943575,0.9361876968853197,-0.42001814849703883
1,2,0,0,1,0,1,1,3,4,1,0.38760171312943575,0.9361876968853197,-0.42001814849703883
3,2,0,0,0,0,0,0,4,5,0,-2.817806999500389,-0.9503152287003833,0.31974021304170624
1,2,0,0,1,0,1,1,3,3,1,0.6460920280423023,0.4617581680953155,-0.4846761108807505
3,1,0,0,0,0,1,0,5,5,0,-3.883630025042971,0.2647914113806848,0.4220906039050793
2,3,0,0,0,0,1,1,2,2,2,0.4958432730767917,-0.9871754683868553,-1.6908819032918234
3,2,0,0,1,0,0,1,5,4,0,-1.48943636853851,0.46684377799081656,-0.23378393123770028
2,2,0,0,0,0,0,0,3,3,2,-1.374605597952083,-2.0477496648735425,0.29874549075911144
3,2,0,0,1,0,0,1,4,5,0,-1.3492347288302022,0.3752816138627178,-0.47581403026585606
1,2,0,1,1,0,0,1,4,2,1,1.0691966745326993,-0.055249365343101285,2.7626626454078314
1,2,0,0,1,0,0,0,4,3,2,-0.27413891892949926,-0.9558658282635365,1.2417543691059718
1,1,0,0,1,0,1,1,5,5,0,-1.3600001201699858,2.4252208825936905,0.4565548883909087
2,2,0,0,1,0,1,1,3,3,1,0.11856321094090318,0.044341853770363045,-0.8996853747774463
2,1,0,0,0,0,1,1,2,2,2,-0.8876119452116217,-1.2219349262225343,-1.2938039999308215
3,2,0,0,1,0,0,0,2,1,2,-0.01483201406421619,-3.8715409003296557,-0.3309562062785783
1,3,0,1,1,0,0,0,4,3,1,1.0054915146362116,-0.6805611208314081,3.645647452456901
2,1,0,0,0,0,1,0,4,4,0,-2.698918938407531,-0.3582134960024702,0.4657538440061961
2,1,0,0,1,0,0,0,2,3,2,-0.696011435932757,-2.622645257342534,0.41190793406604204
3,2,0,0,1,0,1,1,3,4,0,-0.6674559210733623,0.10135506823541493,-1.2500366762904307
3,1,0,0,0,0,0,0,3,3,2,-2.5938620241976893,-2.5825457081163337,0.08227517854291637
1,2,0,0,1,0,1,0,3,1,2,0.6661302037402073,-1.7042219026808436,0.40287376069768566
1,2,0,0,1,0,0,1,5,4,0,-0.4343787343357118,1.3016764066407212,0.5962345965556916
3,1,0,0,1,0,1,0,3,2,2,-1.339145354519664,-2.1820047314585835,-0.16394785303149378
2,1,0,0,1,0,1,1,4,3,0,-0.9718563528244778,0.4929538177706266,-0.394458361685078
3,1,0,0,1,0,1,1,2,4,2,-0.9604915755963948,-0.5820163536005275,-1.3581857860217974
2,3,0,0,1,0,1,0,3,2,2,0.5718386808701483,-1.5298289592979522,-0.1460164924957997
1,1,0,0,1,0,0,1,4,3,0,-0.468924073945878,0.1438754560147746,0.42342752444061327
2,1,0,0,1,0,1,1,3,3,0,-0.5731643982033037,-0.07303787514747637,-0.7011464230969453
1,1,0,0,1,0,1,0,5,3,0,-1.339961944472081,0.25924081181753145,1.3441047599693448
3,1,0,0,1,0,1,0,5,3,0,-2.395019578674879,-0.5755918168323731,0.5140862321759528
2,1,0,0,1,0,0,0,2,1,2,-0.17903080610702404,-3.5715043149225423,0.2825920092986187
3,2,0,0,1,0,0,1,4,5,0,-1.3492347288302022,0.3752816138627178,-0.47581403026585606
1,1,0,0,1,0,0,0,3,4,2,-0.8256648883653984,-1.1648077213094745,1.198263221758317
2,2,0,0,1,0,0,1,3,5,0,-0.4230139571076291,0.2267062352695672,-0.36749282778102754
1,2,0,0,0,0,0,0,3,2,2,-0.5885864659378176,-2.1047628793385944,0.6490967922720958
2,1,0,0,0,0,1,0,4,4,0,-2.698918938407531,-0.3582134960024702,0.4657538440061961
1,2,0,0,0,0,1,1,4,5,0,-1.2412103729469637,1.8681330892264763,-0.26998367773975673
1,1,0,0,0,0,1,1,5,4,0,-2.0731396217994784,1.8423155244367355,0.17058537296890003
1,1,0,0,1,0,1,1,4,4,0,-0.7028178506359452,1.3847996608855833,0.08520886459532957
1,2,0,0,1,0,1,1,3,3,1,0.6460920280423023,0.4617581680953155,-0.4846761108807505
1,1,0,0,1,1,1,0,2,5,1,0.3559034596630495,-0.05338874108457207,0.42718023027410973
1,1,0,0,0,0,1,1,2,5,0,-1.1355540728488223,0.6187699744724309,-0.6848208488829906
1,3,0,0,0,0,0,1,4,5,0,-0.5740793020255563,1.2190181420635113,-0.06564600719126214
2,1,0,0,1,0,1,1,4,5,0,-1.4888369826502108,1.441812875350635,-0.2651424369176546
1,3,0,0,1,0,0,0,3,3,2,0.8162806448358816,-1.4044777922637999,0.7365273560136035
3,2,0,0,1,0,0,0,3,2,2,-0.6720142835982569,-2.8311196786215485,0.04038981751700081
2,2,0,0,1,0,1,0,3,2,2,-0.11988892827405838,-1.6472086882157917,0.05252245918470136
2,2,0,0,0,0,0,1,4,5,0,-1.7933357282711622,0.6842220988207196,-0.2821163194074572
2,2,0,1,0,0,0,0,3,5,2,-1.303683403356312,-0.940965628779245,3.030493450557965
1,2,0,0,0,0,1,1,3,3,0,-0.3255377885000566,0.3532823387283648,-0.7059876639190474
2,1,0,0,0,0,1,1,4,5,0,-2.4604667991925693,1.3333370459836844,-0.4864539899559515
2,2,0,0,0,0,1,1,2,1,2,0.06260597884545133,-1.578984726094699,-1.5570009139950343
3,2,0,0,1,0,0,1,3,2,2,-0.17507182947042862,-1.613998665425398,-0.9764759788288585
2,2,0,0,1,0,1,1,3,3,1,0.11856321094090318,0.044341853770363045,-0.8996853747774463
1,2,0,0,1,0,0,1,3,4,1,0.3630051749066365,0.16969302080451526,-0.017141526268043352
3,2,0,0,1,0,0,0,2,1,2,-0.01483201406421619,-3.8715409003296557,-0.3309562062785783
1,3,0,0,1,0,0,1,4,3,1,0.9145311443425355,0.37863491385045356,0.026349621079611474
1,1,0,0,0,0,0,1,2,3,2,-0.6431699812458885,-1.0965837591883818,-0.41126015142141853
2,2,0,0,0,0,0,1,2,2,2,-0.22048087429021437,-1.8710498733854992,-1.0894663293823272
1,2,0,0,0,0,0,1,2,2,2,0.30704794281118464,-1.4536335590605467,-0.6744570654856311
3,2,0,0,1,0,1,0,5,5,0,-2.220272599356405,0.4906469696654746,0.4448632052628753
1,1,0,0,0,0,1,1,3,3,0,-1.0172653976442634,0.23590260981052533,-0.5074487122385466
1,3,0,0,1,0,0,0,3,3,2,0.8162806448358816,-1.4044777922637999,0.7365273560136035
2,2,0,0,1,0,1,1,2,4,1,0.2587648506492108,-0.04722031035773569,-1.1417154738056021
2,1,0,0,0,0,0,0,3,3,2,-2.06633320709629,-2.1651293937913816,0.4972844424396125
2,3,0,0,1,0,0,1,3,5,1,0.2687136520365775,0.3440859641874066,-0.5660317794615285
1,2,0,0,1,0,0,1,2,5,1,0.5032068146149442,0.07813085667641659,-0.2591716252961991
1,2,0,0,0,0,1,1,5,5,0,-1.639902327568138,2.434124782144579,0.03670438367211076
2,2,0,1,1,0,0,1,3,3,1,0.681869497139608,-0.5642278437961524,2.1056232824829793
2,1,0,0,1,0,1,1,5,5,0,-1.887528937271385,2.007804568268738,0.041545624494212896
1,3,0,1,1,0,0,1,3,4,1,1.6426356084723472,0.4449977282366437,2.3867515570828863
1,1,0,0,0,0,0,0,4,4,0,-2.1959866595289315,-0.7072918577583224,1.2836397301318874
2,1,0,0,0,0,1,0,5,5,0,-3.3561012079415717,0.682207725705637,0.8370998678017754
2,1,0,0,1,0,1,1,5,5,0,-1.887528937271385,2.007804568268738,0.041545624494212896
2,2,0,0,1,0,1,0,3,3,2,-0.3783792431869249,-1.1727791594257873,0.11718042156841305
1,2,0,0,0,0,1,0,4,3,0,-1.2211721972490588,-0.29784698154968264,0.6175661938386794
2,1,0,0,0,0,0,1,5,5,0,-2.883755292036543,1.1328340628209832,0.22311069368491132
2,1,0,0,0,0,1,1,5,5,0,-2.8591587538137437,1.8993287389017874,-0.17976592854408407
2,1,0,0,1,0,1,1,4,3,0,-0.9718563528244778,0.4929538177706266,-0.394458361685078
1,1,0,0,1,0,1,0,3,2,2,-0.2840877203168662,-1.3471721028086787,0.6660706747618983
1,1,0,0,1,0,0,1,4,4,0,-0.7274143888587444,0.6183049848047788,0.48808548682432495
2,1,0,0,1,0,0,1,5,5,0,-1.9121254754941843,1.2413098921879337,0.4444222467232083
1,1,0,0,0,0,0,1,3,3,0,-1.0418619358670627,-0.5305920662702791,-0.1045720900095511
1,1,0,0,1,0,0,0,4,4,0,-1.2243568429865725,-0.5988160283913716,1.5049512831701843
2,1,0,0,1,0,0,1,4,3,0,-0.9964528910472771,-0.27354085831017766,0.008418260543917474
2,3,0,0,1,1,0,0,2,3,2,1.7042139524529978,-1.9513993312346583,-0.111346239522016
1,2,0,1,1,0,1,1,5,5,0,-0.08036968660427495,2.7005255900258187,2.8604479717418383
1,1,0,0,1,0,0,0,2,2,2,0.09000769608150873,-2.679658471807586,0.7622592355790262
1,1,0,0,0,0,0,1,5,1,0,-1.322265215283678,-0.3474677380140816,0.3794881080467605
2,2,0,0,0,0,1,1,3,5,0,-1.3700472354271889,0.8847250819834209,-0.9916810030483201
2,1,0,0,1,0,0,1,4,3,0,-0.9964528910472771,-0.27354085831017766,0.008418260543917474
2,2,0,0,0,0,0,1,4,3,0,-1.276355098445429,-0.2646369587592889,-0.41143224417488056
2,2,0,0,0,0,1,1,3,5,0,-1.3700472354271889,0.8847250819834209,-0.9916810030483201
1,1,0,0,1,0,1,1,4,5,0,-0.9613081655488117,1.8592291896755875,0.14986682697904125
2,2,0,0,1,0,0,1,3,3,2,0.0939666727181039,-0.7221528223104413,-0.4968087525484509
3,1,0,0,1,1,1,1,5,5,0,-1.398287584275443,2.0268747222159824,-0.49963990962953925
3,1,0,0,0,0,0,0,2,3,2,-2.1951700695765153,-3.148537401034437,-0.22441288286895106
2,2,0,0,1,0,0,1,3,1,2,0.6109473025438369,-1.6710118798904499,-0.6261246773158743
2,3,0,0,0,0,0,1,4,5,0,-1.1016081191269553,0.801601827738559,-0.4806552710879581
1,2,0,0,0,0,1,1,3,1,2,0.1914428413256764,-0.5955767188516438,-0.8353035886864708
2,2,0,0,0,0,1,1,3,3,0,-0.8530666056014559,-0.06413397559658754,-1.1209969278157434
1,2,0,0,0,0,0,0,2,3,2,-0.44838482622951,-2.1963250434666928,0.40706669324394
2,3,0,0,0,0,0,1,2,1,2,0.7297370497668589,-2.2280996732576637,-1.3526632434465398
1,2,0,0,1,0,0,0,3,4,2,-0.13393727922119156,-1.0474279923916352,0.9997242700778161
2,2,0,0,1,1,1,1,3,3,1,1.1353333810382442,0.48082832204256004,-1.0258616450045024
2,2,0,0,0,0,0,0,2,3,2,-0.9759136433309089,-2.6137413577916453,-0.007942570652755939
2,1,0,0,0,0,0,1,3,2,2,-1.3109004380555953,-1.4224379093852355,-0.5842393162899586
2,3,0,0,0,0,0,1,3,2,2,0.07255478023281832,-1.1876784515495566,-0.9813172196509605
3,2,0,0,0,0,0,0,3,4,2,-2.160624729966349,-1.9907364504084903,-0.05160581075387291
2,2,0,0,1,0,0,1,3,2,2,0.3524569876309704,-1.1965823511004456,-0.5614667149321626
1,2,0,0,1,0,1,1,3,4,1,0.38760171312943575,0.9361876968853197,-0.42001814849703883
2,2,0,0,0,0,0,0,2,2,2,-0.7174233284180423,-3.0881708865816497,-0.07260053303646762
2,2,0,0,1,1,0,0,3,4,2,0.3553040737747501,-1.0283578384443905,0.4585387359540642
2,3,0,0,0,0,0,1,2,2,2,0.47124673485399243,-1.7536701444676597,-1.2880052810628282
2,1,0,0,1,0,0,1,2,3,2,-0.19906898180492888,-1.4055242441463836,-0.6049578622798174
3,2,0,0,1,0,0,1,2,2,2,0.2236201251507455,-2.1799903583435007,-1.283164040240726
3,1,0,0,1,0,1,1,3,3,0,-1.1006932153047024,-0.4904541894724287,-1.1161556869936415
1,3,0,0,0,0,1,0,4,3,0,-0.5294445881048522,-0.1804672526318432,0.41902724215817844
1,1,0,0,0,0,1,1,5,5,0,-2.3316299367123445,2.3167450532267395,0.23524333535261172
2,3,0,0,0,0,0,1,4,4,0,-0.8431178042140888,0.3271722989485548,-0.5453132334716697
1,2,0,0,0,0,1,1,4,3,0,-0.7242297431212308,0.9192740316464677,-0.3992996025071801
1,2,0,0,1,0,1,1,5,4,0,-0.4097821961129125,2.0681710827215256,0.1933579743266961
1,2,0,0,0,0,1,1,2,4,0,-0.18533614879174895,0.2617201746002661,-0.9480177629472032
2,1,0,0,0,0,1,1,4,3,0,-1.9434861693668364,0.38447798840367603,-0.6157699147233748
2,2,0,0,0,0,1,1,4,3,0,-1.2517585602226298,0.5018577173215154,-0.814308866403876
2,3,0,0,0,0,0,0,3,3,2,-0.6828779888078764,-1.9303699359557027,0.10020653907861048
2,2,0,0,0,0,0,1,5,4,0,-1.9335373679794698,0.7757842629488183,-0.040086220379301374
3,1,0,0,1,0,1,1,4,3,0,-1.4993851699258764,0.07553750344567425,-0.8094676255817741
1,2,0,0,1,0,0,1,3,4,1,0.3630051749066365,0.16969302080451526,-0.017141526268043352
2,1,0,0,0,0,0,1,4,5,0,-2.485063337415369,0.5668423699028802,-0.08357736772695613
3,1,0,0,0,0,0,1,4,1,2,-1.9786308948653017,-1.7482920595820892,-0.7572184811584989
