traveltime,studytime,failures,schoolsup,famsup,paid,activities,internet,freetime,goout,Cluster,Cluster_Name,PC1,PC2,PC3
2,2,0,1,0,0,0,0,3,4,3,Connected Achievers,-1.0451930884434724,-1.4153951575692294,2.965835488174258
1,2,0,0,1,0,0,1,3,3,2,School-Supported,0.6214954898194958,-0.3047365079855016,-0.08179948865175271
1,3,0,0,1,1,1,1,2,2,0,Supported Studiers,3.0117720768178913,-0.024796856422808714,-1.1807373565838846
1,2,0,0,1,1,0,0,3,2,4,Casual Learners,1.399813520701854,-1.5598005816994691,0.7442320750833119
1,2,0,0,1,1,1,1,4,2,0,Supported Studiers,1.5226605584313542,0.9898068004955858,-0.36882228207966
1,2,0,0,0,0,0,1,4,4,1,Offline Independents,-1.0073165962568855,0.6272088843556834,0.0682349821055397
1,2,0,0,1,1,0,1,2,2,0,Supported Studiers,2.295447929450867,-0.908671261421438,-0.579321782674398
1,2,0,0,1,1,1,1,5,1,0,Supported Studiers,1.3824589187230483,1.0813689646236875,-0.1267921830515041
1,2,0,0,1,1,0,1,3,3,0,Supported Studiers,1.6382656599168461,0.13174996028668096,-0.20797575887882724
3,3,0,0,1,0,1,1,2,2,2,School-Supported,0.9399442725177307,-1.2961159533448712,-1.8845796141502282
1,1,0,0,1,1,1,1,3,3,0,Supported Studiers,0.9711345889954502,0.7808649074496583,-0.4123134294273182
2,2,0,0,1,1,0,1,4,3,0,Supported Studiers,0.7120448881942777,0.28032533887985134,-0.316296961363673
1,3,0,0,1,0,0,1,5,2,2,School-Supported,0.7743295046342361,0.47019707797853627,0.26837972010776884
1,1,0,0,1,0,0,1,4,4,2,School-Supported,-0.727414388858735,0.6183049848047915,0.48808548682431585
1,3,0,0,1,1,1,1,2,3,0,Supported Studiers,2.7532817619050336,0.4496326723671999,-1.116079394200177
3,2,0,1,1,0,1,0,3,2,3,Connected Achievers,-0.059514920953987784,-1.9067000240264491,2.2399452303194236
1,2,0,0,0,0,0,1,4,1,1,Offline Independents,-0.2318456515183132,-0.7960797020143423,-0.12573890504558266
1,1,0,0,1,1,0,1,4,2,0,Supported Studiers,0.8063364110643304,0.10593239549695677,0.2325932918298264
1,2,0,0,0,0,1,1,5,1,1,Offline Independents,-0.6059410679166628,0.5364066669845712,-0.22192746586270803
2,2,0,0,1,0,1,1,4,4,2,School-Supported,-0.5386190585931161,1.0847630754784805,-0.5283393509818799
1,3,0,1,1,1,1,1,3,2,3,Connected Achievers,3.200982946618232,0.6991198150095808,1.7283827398594231
1,1,0,0,1,1,0,1,2,2,0,Supported Studiers,1.6037203203066577,-1.0260509903392638,-0.38078283099390026
1,1,0,0,0,1,0,1,2,4,0,Supported Studiers,0.11510987393858199,-0.18566776212618039,-0.4727784592647638
1,2,0,1,1,0,1,1,3,3,3,Connected Achievers,1.2339948524638142,0.6196831466095809,2.117755924150703
1,2,0,0,1,1,1,1,4,5,0,Supported Studiers,0.7471896136927814,2.4130953868656118,-0.1748483949285377
1,2,0,0,1,1,0,1,4,2,0,Supported Studiers,1.4980640202085405,0.22331212441478265,0.034054340149328705
2,2,0,0,1,0,1,1,3,1,2,School-Supported,0.63554384076662,-0.9045172038096554,-1.0290012995448654
1,2,0,0,1,0,1,1,5,2,2,School-Supported,0.10719843371284024,1.1193120251415138,0.06404204955927789
1,2,0,0,0,0,1,1,3,2,1,Offline Independents,-0.06704747358719312,-0.12114719006164082,-0.7706456263027274
1,1,0,0,1,1,0,1,4,3,0,Supported Studiers,0.5478460961514728,0.5803619242869654,0.2972512542135339
2,1,0,0,1,0,1,0,5,1,4,Casual Learners,-1.3505101317477666,-1.1070345600874023,0.7997795713052056
1,3,0,0,1,0,1,1,4,3,2,School-Supported,0.9391276825653558,1.145129589931238,-0.3765270011493758
2,3,0,0,1,0,1,1,4,3,2,School-Supported,0.41159886546395114,0.727713275606298,-0.791536265046085
1,3,0,1,1,1,1,1,3,2,3,Connected Achievers,3.200982946618232,0.6991198150095808,1.7283827398594231
1,1,0,1,1,1,1,0,3,1,3,Connected Achievers,1.57907558911482,-1.227190184812221,3.0776684771825584
1,1,0,0,1,0,0,1,4,3,2,School-Supported,-0.4689240739458775,0.1438754560147829,0.4234275244406084
1,2,0,0,1,0,1,1,3,3,2,School-Supported,0.6460920280423097,0.46175816809530174,-0.4846761108807414
1,1,0,1,1,0,0,1,4,1,3,Connected Achievers,0.6359593803013419,-0.6470586230509551,2.896543634704638
1,2,0,1,1,1,1,1,2,2,3,Connected Achievers,2.9079472920951854,0.015748393173644622,1.6202336301280575
1,2,0,0,1,0,0,1,3,5,2,School-Supported,0.10451485999378081,0.6441225495945156,0.04751643611566218
1,2,0,0,1,1,0,0,3,3,4,Casual Learners,1.1413232057889964,-1.0853710529094605,0.8088900374670194
3,2,0,0,1,1,0,1,3,3,0,Supported Studiers,0.5832080257140363,-0.7030826683631989,-1.0379942866722456
1,2,0,0,1,1,0,1,3,3,0,Supported Studiers,1.6382656599168461,0.13174996028668096,-0.20797575887882724
1,1,0,1,1,1,0,1,3,4,3,Connected Achievers,1.2759505602812833,0.6467247386731428,2.6576531902168226
1,1,0,0,0,1,0,1,3,4,0,Supported Studiers,-0.2835820806825814,0.3803239307919297,-0.16609039785290045
1,2,0,0,0,1,1,1,3,4,0,Supported Studiers,0.43274206668444215,1.2641983357905588,-0.7675059717623871
1,2,0,0,1,1,1,1,3,2,0,Supported Studiers,1.921352513052518,0.42381510757747565,-0.6755103434915234
1,2,0,0,1,0,1,0,2,2,4,Casual Learners,0.806331843448481,-1.7957840668089586,0.16084366166953434
1,2,0,1,1,0,1,1,3,2,3,Connected Achievers,1.492485167376672,0.14525361781957224,2.0530979617669955
1,2,0,0,1,0,0,1,2,3,2,School-Supported,1.0201874444406593,-0.8707282009036118,-0.38848755006361607
1,2,0,0,1,0,1,0,4,4,4,Casual Learners,-0.508032695619561,0.28505837660727906,0.903535709260676
1,2,0,1,0,0,1,1,4,3,3,Connected Achievers,-0.13632691869970986,1.0771990101607574,2.203132432524288
1,3,0,1,1,1,1,1,4,4,3,Connected Achievers,2.2853103621713533,2.2139705655077084,2.1643867260387015
1,2,0,1,0,0,1,1,4,4,3,Connected Achievers,-0.3948172336125674,1.5516285389507658,2.2677903949079954
3,2,0,0,1,0,1,1,4,3,2,School-Supported,-0.8076575607816636,0.1929172323635322,-1.0080065772622964
1,1,0,0,0,0,1,0,3,2,4,Casual Learners,-1.2557175368592524,-1.4556479321756084,0.44475912172361703
1,2,0,1,1,1,1,1,3,3,3,Connected Achievers,2.2507650225611644,1.0561696148817634,1.9915796539236283
1,2,0,0,1,1,1,1,3,3,0,Supported Studiers,1.6628621981396603,0.8982446363674843,-0.6108523811078159
1,2,0,0,1,0,0,1,4,3,2,School-Supported,0.22280353519833235,0.26125518493260874,0.22488857276011068
1,1,0,1,1,1,1,1,2,2,3,Connected Achievers,2.216219682950976,-0.10163133574418132,1.8187725818085554
1,3,0,1,0,1,0,1,3,2,3,Connected Achievers,2.2047565918530574,-0.1758506904381565,1.9099478090501334
1,2,0,0,1,1,0,1,4,4,0,Supported Studiers,0.9810833903828252,1.1721711819947997,0.16337026491674358
2,2,0,0,0,1,1,1,3,3,0,Supported Studiers,0.1637035644958948,0.3723524926756104,-1.2471731980428036
1,2,0,0,1,0,1,1,3,2,2,School-Supported,0.9045823429551673,-0.012671360694706871,-0.5493340732644489
1,2,0,0,1,0,0,0,3,4,4,Casual Learners,-0.1339372792212114,-1.0474279923916345,0.9997242700778013
1,3,0,0,1,0,1,1,3,3,2,School-Supported,1.3378196371865196,0.5791378970131276,-0.6832150625612392
1,3,0,0,1,1,0,1,3,3,0,Supported Studiers,2.329993269061056,0.2491296892045069,-0.406514710559325
1,1,0,0,0,1,1,1,5,5,0,Supported Studiers,-1.314859766614952,2.753231521498962,0.109067065125545
1,2,0,1,1,0,0,0,3,3,3,Connected Achievers,0.7124558601131504,-1.3639325426673639,3.5374983427255384
2,2,0,0,1,1,1,1,3,3,0,Supported Studiers,1.1353333810382553,0.4808283220425443,-1.025861645004525
2,1,0,1,1,0,1,1,3,3,3,Connected Achievers,0.014738426218199477,0.08488710336681504,1.9012856119344914
1,2,0,0,1,1,0,0,3,5,4,Casual Learners,0.6243425759632812,-0.13651199532944325,0.9382059622344342
1,1,0,0,0,0,1,1,3,4,1,Offline Independents,-1.2757557125571177,0.7103321386005506,-0.4427907498548146
1,3,0,1,1,1,0,1,3,5,3,Connected Achievers,2.4009154636568453,1.3559137252988032,2.3252332492395342
1,1,0,1,1,1,1,1,5,5,3,Connected Achievers,0.24467287434891255,3.0196323293801752,2.9328106531952676
1,3,0,0,1,0,1,1,4,3,2,School-Supported,0.9391276825653558,1.145129589931238,-0.3765270011493758
1,1,0,0,1,0,1,1,3,3,2,School-Supported,-0.04563558110189999,0.3443784391774758,-0.28613715920024363
2,2,0,1,1,1,0,1,3,5,3,Connected Achievers,1.1816590374112308,0.8211176820560375,2.1087629370233225
1,2,0,0,1,1,1,1,4,4,0,Supported Studiers,1.005679928605639,1.9386658580756029,-0.23950635731224515
1,3,0,0,1,0,1,1,3,3,2,School-Supported,1.3378196371865196,0.5791378970131276,-0.6832150625612392
1,3,0,0,1,1,1,1,4,5,0,Supported Studiers,1.4389172228369915,2.530475115783438,-0.3733873466090354
1,1,0,0,0,0,1,1,5,3,1,Offline Independents,-1.8146493068865874,1.3678859956467626,0.10592741058520463
1,1,0,0,0,0,0,1,5,2,1,Offline Independents,-1.5807555301965437,0.1269617907759506,0.444146070430486
1,2,0,0,0,0,1,1,4,2,1,Offline Independents,-0.4657394282083568,0.4448445028564695,-0.4639575648908639
1,2,0,0,1,0,1,1,4,4,2,School-Supported,-0.011090241491711261,1.5021793898034206,-0.1133300870851706
2,2,0,0,1,0,1,0,4,3,4,Casual Learners,-0.7770711978081084,-0.6067874665076693,0.42386848298025936
2,1,0,0,0,0,1,1,4,2,1,Offline Independents,-1.684995854453971,-0.08995154038629638,-0.6804278771070753
1,1,0,0,0,0,0,1,4,3,1,Offline Independents,-1.4405538904882378,0.03539962664784899,0.20211597140233004
1,2,0,0,0,0,0,1,2,3,1,Offline Independents,0.0485576278982989,-0.9792040302705457,-0.6097991031018944
2,2,0,0,1,1,1,1,2,2,0,Supported Studiers,1.7925156505722764,-0.5595928996655746,-1.397207668800096
1,1,0,0,1,0,1,1,4,4,2,School-Supported,-0.702817850635921,1.3847996608855946,0.08520886459532719
1,2,0,0,0,1,0,1,4,4,0,Supported Studiers,0.009453573840464658,1.0636953526278659,-0.05794128812153484
1,1,0,1,0,0,0,1,5,5,3,Connected Achievers,-1.768323650513612,1.7081753556602557,3.2405519926130526
1,2,0,1,0,0,1,1,3,2,3,Connected Achievers,0.5208553508343112,0.03677778845263834,1.831786408728717
1,1,0,0,0,1,1,1,5,5,0,Supported Studiers,-1.314859766614952,2.753231521498962,0.109067065125545
3,1,0,0,1,0,1,1,3,3,2,School-Supported,-1.1006932153047098,-0.49045418947240405,-1.116155686993662
1,1,0,0,1,0,0,1,4,4,2,School-Supported,-0.727414388858735,0.6183049848047915,0.48808548682431585
1,1,0,0,0,0,0,1,2,1,1,Offline Independents,-0.12618935142019588,-2.0454428167683885,-0.5405760761888116
1,3,0,0,1,0,1,1,3,3,2,School-Supported,1.3378196371865196,0.5791378970131276,-0.6832150625612392
3,2,0,0,0,0,0,0,4,5,4,Casual Learners,-2.8178069995004025,-0.9503152287003293,0.31974021304167555
2,1,0,0,0,0,1,1,3,2,1,Offline Independents,-1.2863038998328074,-0.6559432333044066,-0.9871159385189386
1,3,0,0,1,1,1,1,2,2,0,Supported Studiers,3.0117720768178913,-0.024796856422808714,-1.1807373565838846
1,1,0,0,0,0,0,1,4,4,1,Offline Independents,-1.6990442054010952,0.5098291554378576,0.2667739337860375
1,2,0,0,1,1,0,1,4,2,0,Supported Studiers,1.4980640202085405,0.22331212441478265,0.034054340149328705
1,2,0,0,1,1,0,1,3,2,0,Supported Studiers,1.8967559748297038,-0.3426795685033277,-0.27263372126253466
1,1,0,0,1,0,0,1,3,2,2,School-Supported,0.1882581955881436,-0.8965457656933361,0.05208150064503764
1,1,0,1,1,0,0,0,2,1,3,Connected Achievers,0.9364008354158192,-2.9961630220833166,3.3000333082267583
1,2,0,1,0,1,1,0,4,4,3,Connected Achievers,0.12501048235693313,0.770993994026807,3.1584799210267676
1,1,0,0,0,0,0,0,2,2,4,Casual Learners,-0.8816221204609032,-2.788134301174521,0.5409476825407424
3,1,0,0,0,0,0,0,2,2,4,Casual Learners,-1.9366797546637127,-3.6229669298244014,-0.2890708452526758
1,1,0,0,0,0,0,1,3,3,1,Offline Independents,-1.0418619358670742,-0.5305920662702613,-0.10457209000953335
1,2,0,0,0,0,0,1,3,5,1,Offline Independents,-0.8671149565485796,0.5356467202275818,-0.17379511692261623
1,2,0,0,0,1,0,1,2,3,0,Supported Studiers,1.0653277979956493,-0.5427175619983632,-0.735975373328969
1,2,0,0,1,1,0,1,4,2,0,Supported Studiers,1.4980640202085405,0.22331212441478265,0.034054340149328705
2,2,0,0,1,1,1,1,3,2,0,Supported Studiers,1.393823695951113,0.00639879325253567,-1.0905196073882326
1,2,0,0,1,1,1,1,4,4,0,Supported Studiers,1.005679928605639,1.9386658580756029,-0.23950635731224515
2,2,0,0,1,1,1,1,4,5,0,Supported Studiers,0.21966079659137666,1.9956790725406717,-0.589857658825247
2,2,0,0,0,1,1,1,4,4,0,Supported Studiers,-0.4934787050381263,1.4127737143837291,-0.8758271742472329
2,2,0,0,0,1,1,1,4,4,0,Supported Studiers,-0.4934787050381263,1.4127737143837291,-0.8758271742472329
1,2,0,0,0,0,1,1,3,4,1,Offline Independents,-0.5840281034129081,0.8277118675183764,-0.6413297015353125
1,1,0,0,1,0,1,1,3,3,2,School-Supported,-0.04563558110189999,0.3443784391774758,-0.28613715920024363
1,2,0,0,1,0,1,1,2,3,2,School-Supported,1.0447839826634733,-0.10423352482280854,-0.7913641722926048
1,2,0,0,1,1,1,1,4,3,0,Supported Studiers,1.2641702435184965,1.4642363292855944,-0.3041643196959526
1,2,0,0,0,1,1,1,2,3,0,Supported Studiers,1.0899243362184632,0.2237771140824401,-1.1388519955579577
1,2,0,0,1,0,1,0,4,2,4,Casual Learners,0.008947934206153994,-0.6638006809727381,0.7742197844932611
1,2,0,0,1,0,1,1,3,3,2,School-Supported,0.6460920280423097,0.46175816809530174,-0.4846761108807414
1,2,0,0,1,1,0,1,2,2,0,Supported Studiers,2.295447929450867,-0.908671261421438,-0.579321782674398
1,2,0,0,1,0,1,1,3,4,2,School-Supported,0.38760171312945224,0.9361876968853103,-0.42001814849703395
1,1,0,0,1,1,1,1,3,3,0,Supported Studiers,0.9711345889954502,0.7808649074496583,-0.4123134294273182
1,2,0,0,0,1,1,1,2,3,0,Supported Studiers,1.0899243362184632,0.2237771140824401,-1.1388519955579577
1,2,0,0,1,0,0,1,3,3,2,School-Supported,0.6214954898194958,-0.3047365079855016,-0.08179948865175271
1,2,0,0,0,0,0,1,3,3,1,Offline Independents,-0.3501343267228646,-0.4132123373524355,-0.3031110416900311
1,2,0,0,0,0,1,1,3,3,1,Offline Independents,-0.32553778850005066,0.3532823387283678,-0.7059876639190199
2,2,0,0,0,1,1,1,4,4,0,Supported Studiers,-0.4934787050381263,1.4127737143837291,-0.8758271742472329
1,1,0,0,1,0,1,1,3,2,2,School-Supported,0.2128547338109575,-0.1300510896125328,-0.35079512158395104
2,1,0,0,0,0,0,1,3,3,1,Offline Independents,-1.569390752968479,-0.9480083805952013,-0.5195813539062425
1,2,0,0,0,0,1,1,3,2,1,Offline Independents,-0.06704747358719312,-0.12114719006164082,-0.7706456263027274
1,1,0,0,0,0,0,1,2,3,1,Offline Independents,-0.643169981245911,-1.0965837591883716,-0.4112601514213967
3,1,0,0,1,1,1,1,3,4,0,Supported Studiers,-0.342413360120217,0.4204618075897871,-1.1776739948370292
1,2,0,0,1,1,0,1,5,2,0,Supported Studiers,1.0993720655873769,0.789303817332893,0.34074240156119207
1,2,0,0,1,0,1,1,3,5,2,School-Supported,0.12911139821659473,1.4106172256753189,-0.3553601861133265
1,2,0,1,1,1,1,0,4,3,3,Connected Achievers,1.3551306138121513,0.40504029460373225,3.3151335116813385
1,2,0,0,1,1,0,0,4,4,4,Casual Learners,0.48414093625497545,-0.04494983120134159,1.18023606126259
1,1,0,0,1,0,0,1,3,2,2,School-Supported,0.1882581955881436,-0.8965457656933361,0.05208150064503764
1,2,0,0,0,1,1,1,3,2,0,Supported Studiers,0.9497226965101572,0.31533927821054175,-0.8968218965298019
2,1,0,0,1,1,0,0,3,2,4,Casual Learners,0.1805570944562393,-2.094596624942235,0.5277617628671005
2,3,0,0,1,1,1,1,4,2,0,Supported Studiers,1.6868593504741591,0.6897702150884719,-0.982370497656867
1,2,0,0,1,1,0,1,3,5,0,Supported Studiers,1.1212850300911312,1.080609017866698,-0.07865983411141235
1,2,0,1,1,1,0,1,3,4,3,Connected Achievers,1.9676781694254932,0.7641044675909687,2.4591142385363245
1,1,0,0,1,1,0,0,2,1,4,Casual Learners,1.3652681810916654,-2.7176015323254137,0.5714250029682388
2,2,0,0,0,1,0,1,4,4,0,Supported Studiers,-0.5180752432609402,0.6462790383029261,-0.472950552018244
2,1,0,0,1,1,0,0,3,3,4,Casual Learners,-0.07793322045661821,-1.6201670961522263,0.592419725250808
1,3,0,0,1,1,1,1,3,3,0,Supported Studiers,2.35458980728387,1.01562436528531,-0.8093913327883138
2,2,0,0,1,0,1,1,2,5,2,School-Supported,0.0002745357363534501,0.4272092184322687,-1.077057511421899
1,2,0,1,0,0,0,1,3,1,3,Connected Achievers,0.7547491275243547,-1.2041464164181737,2.1700050685739987
2,2,0,0,1,1,0,1,3,3,0,Supported Studiers,1.1107368428154414,-0.285666354038259,-0.6229850227755365
1,3,0,0,1,0,1,1,3,2,2,School-Supported,1.5963099520993773,0.10470836822311891,-0.7478730249449467
1,2,0,0,0,0,1,1,3,4,1,Offline Independents,-0.5840281034129081,0.8277118675183764,-0.6413297015353125
1,2,0,0,1,1,0,1,3,3,0,Supported Studiers,1.6382656599168461,0.13174996028668096,-0.20797575887882724
2,3,0,0,0,0,1,1,2,3,1,Offline Independents,0.23735295816391783,-0.5127459395968564,-1.62622394090809
1,2,0,0,0,0,1,1,2,3,1,Offline Independents,0.07315416612111283,-0.2127093541897424,-1.0126757253308831
2,2,0,0,1,1,1,1,5,2,0,Supported Studiers,0.5964397867087857,1.1383821790887563,-0.4771434845645058
1,2,0,1,1,0,1,1,5,5,3,Connected Achievers,-0.08036968660422793,2.700525590025819,2.8604479717418445
1,2,0,0,1,1,1,1,2,4,0,Supported Studiers,1.8030638378479662,0.8066824722393826,-0.852882480135972
2,2,0,0,1,1,0,1,4,2,0,Supported Studiers,0.9705352031071353,-0.19410418991015727,-0.38095492374738044
2,3,0,0,0,0,1,1,3,3,1,Offline Independents,-0.1613389964572457,0.05324575332125373,-1.3195358794962266
1,2,0,0,0,1,1,1,4,2,0,Supported Studiers,0.5510307418889936,0.8813309711286521,-0.5901338351179385
1,1,0,0,0,0,0,1,5,2,1,Offline Independents,-1.5807555301965437,0.1269617907759506,0.444146070430486
2,2,0,0,0,0,1,1,5,5,1,Offline Independents,-2.1674311446694974,2.016708467819666,-0.3783048802245873
2,2,0,0,1,1,0,1,3,3,0,Supported Studiers,1.1107368428154414,-0.285666354038259,-0.6229850227755365
1,1,0,0,0,0,1,1,4,5,1,Offline Independents,-1.9329379820911388,1.7507533603086693,-0.07144472605924383
1,1,0,0,0,0,1,1,3,2,1,Offline Independents,-0.7587750827314028,-0.2385269189794667,-0.5721066746222295
2,3,0,0,1,1,0,1,4,4,0,Supported Studiers,1.14528218242563,0.8721345965876859,-0.4501779506604633
3,1,0,0,0,0,0,1,3,3,1,Offline Independents,-2.096919570069884,-1.3654246949201412,-0.9345906178029516
2,1,0,0,0,0,0,1,2,2,1,Offline Independents,-0.9122084834344582,-1.98842960230332,-0.8909273777018133
1,1,0,0,0,1,0,1,3,2,0,Supported Studiers,0.23339854914313363,-0.5685351267880875,-0.2954063226203153
3,2,0,1,1,0,0,1,3,3,3,Connected Achievers,0.15434068003819051,-0.9816441581211022,1.6906140185862732
2,1,0,0,0,0,1,0,3,2,4,Casual Learners,-1.7832463539606573,-1.873064246500548,0.02974985782690789
1,1,0,0,0,0,0,1,4,2,1,Offline Independents,-1.18206357557538,-0.43902990214215964,0.13745800901862257
1,2,0,0,1,0,0,1,3,1,2,School-Supported,1.138476119645211,-1.2535955655655189,-0.21111541341916762
1,2,0,0,0,0,1,1,2,4,1,Offline Independents,-0.18533614879174468,0.26172017460026614,-0.9480177629471758
1,2,0,0,1,1,0,1,3,2,0,Supported Studiers,1.8967559748297038,-0.3426795685033277,-0.27263372126253466
1,3,0,0,0,0,1,0,3,2,4,Casual Learners,0.12773768142916686,-1.2208884743399564,0.04768121836262154
1,3,0,0,0,0,1,0,2,3,4,Casual Learners,0.2679393211374729,-1.312450638468058,-0.19434888066553435
1,3,0,0,1,1,1,1,3,3,0,Supported Studiers,2.35458980728387,1.01562436528531,-0.8093913327883138
2,2,0,0,1,1,1,1,2,5,0,Supported Studiers,1.0170447058337038,0.8636956867044513,-1.2032337816489735
1,2,0,0,0,1,1,1,4,4,0,Supported Studiers,0.03405011206327859,1.8301900287086692,-0.46081791035052355
2,2,0,0,0,1,1,1,3,4,0,Supported Studiers,-0.09478675041696269,0.846782021465619,-1.1825152356590962
1,2,0,0,1,1,1,1,4,5,0,Supported Studiers,0.7471896136927814,2.4130953868656118,-0.1748483949285377
2,2,0,0,1,0,0,1,3,5,2,School-Supported,-0.42301395710762396,0.22670623526957567,-0.3674928277810469
2,2,0,0,1,1,0,0,4,3,4,Casual Learners,0.21510243406642804,-0.9367956743162901,0.7005688349821736
1,2,0,0,1,1,1,0,5,2,4,Casual Learners,0.6270261496823408,0.3386774802175547,0.9547315756780498
2,2,0,0,1,1,0,1,3,3,0,Supported Studiers,1.1107368428154414,-0.285666354038259,-0.6229850227755365
2,2,0,1,1,1,0,1,4,4,3,Connected Achievers,1.041457397702925,0.9126798461841391,2.3507930360514786
2,1,0,0,0,1,1,1,2,4,0,Supported Studiers,-0.38782240494000897,0.16341059962968282,-1.2906643453904618
2,1,0,0,0,1,1,1,2,3,0,Supported Studiers,-0.12933209002715146,-0.3110189291603258,-1.3553223077741692
2,1,0,0,0,1,1,1,5,4,0,Supported Studiers,-1.5838982688034993,1.8613856783840135,-0.3706001611548716
2,2,0,1,0,0,1,1,4,4,3,Connected Achievers,-0.9223460507139722,1.134212224625826,1.852781131011286
1,2,0,0,1,0,0,1,4,5,2,School-Supported,-0.2941770946273827,1.210114242512626,0.3542044975275256
1,2,0,0,0,1,0,1,3,3,0,Supported Studiers,0.6666358433744857,0.02327413091974704,-0.4292873119171057
1,3,0,0,1,1,0,1,3,3,0,Supported Studiers,2.329993269061056,0.2491296892045069,-0.406514710559325
1,3,0,0,1,1,0,1,3,3,0,Supported Studiers,2.329993269061056,0.2491296892045069,-0.406514710559325
1,3,0,0,0,1,1,1,2,4,0,Supported Studiers,1.5231616304498157,0.8155863717902746,-1.2727329848547482
1,2,0,0,1,1,1,1,4,3,0,Supported Studiers,1.2641702435184965,1.4642363292855944,-0.3041643196959526
1,2,0,0,1,1,1,1,3,2,0,Supported Studiers,1.921352513052518,0.42381510757747565,-0.6755103434915234
1,3,0,0,1,1,0,1,2,2,0,Supported Studiers,2.987175538595077,-0.7912915325036121,-0.7778607343548958
2,3,0,0,1,1,1,1,4,2,0,Supported Studiers,1.6868593504741591,0.6897702150884719,-0.982370497656867
1,1,0,0,1,1,0,1,4,3,0,Supported Studiers,0.5478460961514728,0.5803619242869654,0.2972512542135339
2,2,0,0,1,1,1,1,3,4,0,Supported Studiers,0.8768430661253978,0.9552578508325529,-0.9612036826208177
2,2,0,0,1,1,0,1,4,5,0,Supported Studiers,0.19506425836856273,1.2291843964598685,-0.18698103659625814
1,1,0,0,1,1,0,1,4,2,0,Supported Studiers,0.8063364110643304,0.10593239549695677,0.2325932918298264
1,2,0,0,1,0,0,1,2,4,2,School-Supported,0.7616971295278018,-0.39629867211360326,-0.3238295876799086
2,3,0,0,1,1,0,1,3,3,0,Supported Studiers,1.802464451959651,-0.16828662512043302,-0.8215239744560341
1,1,0,0,0,0,1,0,5,3,4,Casual Learners,-2.311591761014437,0.15076498245062098,1.1227932069310511
3,2,0,0,1,0,0,1,4,1,2,School-Supported,-0.31527346917876237,-1.5224365012972882,-0.7344458798007225
2,2,0,0,1,1,1,1,3,3,0,Supported Studiers,1.1353333810382553,0.4808283220425443,-1.025861645004525
1,3,0,0,1,1,1,1,3,4,0,Supported Studiers,2.0960994923710126,1.4900538940753185,-0.7447333704046064
1,3,0,0,1,1,1,1,3,4,0,Supported Studiers,2.0960994923710126,1.4900538940753185,-0.7447333704046064
1,2,0,0,1,1,0,1,4,4,0,Supported Studiers,0.9810833903828252,1.1721711819947997,0.16337026491674358
1,2,0,0,1,1,0,1,2,2,0,Supported Studiers,2.295447929450867,-0.908671261421438,-0.579321782674398
1,2,0,0,1,0,0,0,2,2,4,Casual Learners,0.7817353052256671,-2.5622787428897618,0.563720283898523
1,3,0,0,1,1,1,1,3,2,0,Supported Studiers,2.6130801221967275,0.5411948364953014,-0.8740492951720212
1,3,0,0,1,0,0,1,4,3,2,School-Supported,0.9145311443425419,0.37863491385043463,0.026349621079612952
2,3,0,0,0,0,0,1,3,3,1,Offline Independents,-0.18593553468005963,-0.7132489227595495,-0.9166592572672381
1,3,0,0,0,0,1,1,3,3,1,Offline Independents,0.3661898206441591,0.4706620676461936,-0.9045266155995176
1,1,0,0,0,0,1,1,3,5,1,Offline Independents,-1.5342460274699752,1.184761667390559,-0.3781327874711071
1,3,0,0,1,1,1,1,4,4,0,Supported Studiers,1.697407537749849,2.056045586993429,-0.43804530899274285
2,3,0,0,1,1,0,1,3,3,0,Supported Studiers,1.802464451959651,-0.16828662512043302,-0.8215239744560341
1,3,0,0,1,0,0,1,4,3,2,School-Supported,0.9145311443425419,0.37863491385043463,0.026349621079612952
1,2,0,0,0,0,1,1,3,4,1,Offline Independents,-0.5840281034129081,0.8277118675183764,-0.6413297015353125
1,2,0,0,0,0,1,1,3,3,1,Offline Independents,-0.32553778850005066,0.3532823387283678,-0.7059876639190199
1,3,0,0,0,0,0,1,4,5,1,Offline Independents,-0.5740793020255334,1.219018142063518,-0.06564600719125062
1,2,0,0,1,1,0,1,3,2,0,Supported Studiers,1.8967559748297038,-0.3426795685033277,-0.27263372126253466
1,2,0,0,1,1,0,1,3,3,0,Supported Studiers,1.6382656599168461,0.13174996028668096,-0.20797575887882724
1,2,0,0,0,0,1,1,3,3,1,Offline Independents,-0.32553778850005066,0.3532823387283678,-0.7059876639190199
1,3,0,0,1,0,0,1,3,3,2,School-Supported,1.3132230989637057,-0.18735677906767562,-0.2803384403322504
1,3,0,0,0,0,0,1,4,3,1,Offline Independents,-0.057098672199818366,0.27015908448350073,-0.1949619319586655
1,3,0,0,0,0,0,1,3,2,1,Offline Independents,0.6000835973342027,-0.7702621372246182,-0.5663079557542363
1,3,0,0,1,1,0,1,4,5,0,Supported Studiers,1.4143206846141774,1.7639804397026344,0.02948927561995331
1,3,0,0,1,1,1,1,4,3,0,Supported Studiers,1.9558978526627064,1.5816160582034204,-0.5027032713764503
2,2,0,0,1,1,0,1,5,4,0,Supported Studiers,0.05486261866025679,1.32074656058797,0.055049062431897756
2,2,0,0,1,1,1,1,5,5,0,Supported Studiers,-0.17903115802978686,2.5616707654587825,-0.28316959741338343
1,2,0,0,1,0,0,0,3,4,4,Casual Learners,-0.1339372792212114,-1.0474279923916345,0.9997242700778013
2,2,0,0,1,1,1,1,3,3,0,Supported Studiers,1.1353333810382553,0.4808283220425443,-1.025861645004525
2,2,0,0,0,0,0,0,2,3,4,Casual Learners,-0.9759136433309558,-2.613741357791627,-0.007942570652757048
2,1,0,0,0,0,0,1,3,2,1,Offline Independents,-1.3109004380556213,-1.42243790938521,-0.58423931628995
2,3,0,0,0,0,0,1,3,2,1,Offline Independents,0.0725547802327979,-1.1876784515495582,-0.9813172196509455
3,2,0,0,0,0,0,0,3,4,4,Casual Learners,-2.1606247299663814,-1.9907364504084484,-0.05160581075389533
2,2,0,0,1,0,0,1,3,2,2,School-Supported,0.35245698763094857,-1.1965823511004503,-0.5614667149321694
1,2,0,0,1,1,1,1,3,4,0,Supported Studiers,1.4043718832268028,1.3726741651574927,-0.5461944187241086
2,2,0,0,0,0,0,0,2,2,4,Casual Learners,-0.7174233284180982,-3.0881708865816355,-0.07260053303646449
2,2,0,0,1,1,0,0,3,4,4,Casual Learners,0.35530407377473405,-1.0283578384443919,0.4585387359540177
2,3,0,0,0,1,0,1,2,2,0,Supported Studiers,1.488016904951312,-1.3171836761954858,-1.4141815512898834
2,1,0,0,1,1,0,1,2,3,0,Supported Studiers,0.817701188292395,-0.969037775874195,-0.731134132506902
3,2,0,0,1,1,0,1,2,2,0,Supported Studiers,1.2403902952480574,-1.7435038900713178,-1.4093403104678164
3,1,0,0,1,1,1,1,3,3,0,Supported Studiers,-0.08392304520735946,-0.05396772120022148,-1.2423319572207365
1,3,0,0,0,0,1,0,4,3,4,Casual Learners,-0.5294445881048543,-0.1804672526318375,0.41902724215819237
1,1,0,0,0,0,1,1,5,5,1,Offline Independents,-2.3316299367123023,2.31674505322678,0.23524333535261951
2,3,0,0,0,0,0,1,4,4,1,Offline Independents,-0.8431178042140807,0.32717229894856936,-0.5453132334716673
1,2,0,0,0,1,1,1,4,3,0,Supported Studiers,0.2925404269761361,1.3557604999186608,-0.525475872734231
1,2,0,0,1,1,1,1,5,4,0,Supported Studiers,0.6069879739844756,2.5046575509937137,0.06718170409961825
1,2,0,0,0,1,1,1,2,4,0,Supported Studiers,0.8314340213056056,0.6982066428724487,-1.0741940331742503
2,1,0,0,0,0,1,1,4,3,1,Offline Independents,-1.9434861693668286,0.3844779884037122,-0.6157699147233678
2,2,0,0,0,0,1,1,4,3,1,Offline Independents,-1.251758560222619,0.5018577173215382,-0.8143088664038657
2,3,0,0,0,1,0,0,3,3,4,Casual Learners,0.33389218128944087,-1.4938834676835084,-0.02596973114846595
3,1,0,0,1,1,1,1,4,3,0,Supported Studiers,-0.482614999828523,0.5120239717178888,-0.9356438958088731
1,2,0,0,1,1,0,1,3,4,0,Supported Studiers,1.3797753450039887,0.6061794890766895,-0.1433177964951198
2,1,0,0,0,0,0,1,4,5,1,Offline Independents,-2.4850633374153577,0.5668423699029262,-0.08357736772696421
3,1,0,0,0,0,0,1,4,1,1,Offline Independents,-1.9786308948653322,-1.7482920595820481,-0.7572184811585032
1,1,0,0,0,0,0,1,2,3,1,Offline Independents,-0.643169981245911,-1.0965837591883716,-0.4112601514213967
2,2,0,1,0,0,0,0,3,4,3,Connected Achievers,-1.0451930884434724,-1.4153951575692294,2.965835488174258
1,2,0,0,1,0,0,1,3,3,2,School-Supported,0.6214954898194958,-0.3047365079855016,-0.08179948865175271
1,2,0,1,0,0,0,1,3,2,3,Connected Achievers,0.4962588126114973,-0.7297168876281649,2.234663030957706
1,3,0,0,1,0,1,1,2,2,2,School-Supported,1.9950019067205407,-0.4612833246949913,-1.05456108635681
1,2,0,0,1,0,0,0,3,2,4,Casual Learners,0.3830433506045036,-1.9962870499716516,0.8704083453103865
1,2,0,0,1,0,1,1,4,2,2,School-Supported,0.5058903883340038,0.5533203322234035,-0.24264601185258552
1,2,0,0,0,0,0,1,4,4,1,Offline Independents,-1.0073165962568855,0.6272088843556834,0.0682349821055397
1,2,0,0,1,0,0,1,2,2,2,School-Supported,1.278677759353517,-1.3451577296936206,-0.4531455124473235
1,2,0,0,1,0,1,1,5,1,2,School-Supported,0.3656887486256977,0.6448824963515053,-0.0006159128244295543
1,2,0,0,1,0,0,1,3,3,2,School-Supported,0.6214954898194958,-0.3047365079855016,-0.08179948865175271
3,3,0,0,1,0,1,1,2,2,2,School-Supported,0.9399442725177307,-1.2961159533448712,-1.8845796141502282
1,1,0,0,1,0,1,1,3,3,2,School-Supported,-0.04563558110189999,0.3443784391774758,-0.28613715920024363
2,2,0,0,1,0,0,1,4,3,2,School-Supported,-0.30472528190307246,-0.1561611293923312,-0.19012069113659846
1,3,0,0,1,0,0,1,5,2,2,School-Supported,0.7743295046342361,0.47019707797853627,0.26837972010776884
1,1,0,0,1,0,0,1,4,4,2,School-Supported,-0.727414388858735,0.6183049848047915,0.48808548682431585
1,3,0,0,1,0,1,1,2,3,2,School-Supported,1.736511591807683,0.013146204095017357,-0.9899031239731025
3,2,0,1,1,0,1,0,3,2,3,Connected Achievers,-0.059514920953987784,-1.9067000240264491,2.2399452303194236
1,2,0,0,0,0,0,1,4,1,1,Offline Independents,-0.2318456515183132,-0.7960797020143423,-0.12573890504558266
1,1,0,0,1,1,0,1,4,2,0,Supported Studiers,0.8063364110643304,0.10593239549695677,0.2325932918298264
1,2,0,0,0,0,1,1,5,1,1,Offline Independents,-0.6059410679166628,0.5364066669845712,-0.22192746586270803
2,2,0,0,1,0,1,1,4,4,2,School-Supported,-0.5386190585931161,1.0847630754784805,-0.5283393509818799
1,3,0,1,1,0,1,1,3,2,3,Connected Achievers,2.184212776520882,0.26263334673739813,1.8545590100864977
1,1,0,0,1,0,0,1,2,2,2,School-Supported,0.5869501502093072,-1.4625374586114464,-0.2546065607668257
1,1,0,0,1,0,0,1,2,2,2,School-Supported,0.5869501502093072,-1.4625374586114464,-0.2546065607668257
1,1,0,0,0,0,0,1,2,4,1,Offline Independents,-0.9016602961587684,-0.622154230398363,-0.34660218903768925
1,2,0,1,1,1,1,1,3,3,3,Connected Achievers,2.2507650225611644,1.0561696148817634,1.9915796539236283
1,2,0,0,1,1,1,1,4,5,0,Supported Studiers,0.7471896136927814,2.4130953868656118,-0.1748483949285377
1,2,0,0,1,1,0,1,4,2,0,Supported Studiers,1.4980640202085405,0.22331212441478265,0.034054340149328705
2,2,0,0,1,0,1,1,3,1,2,School-Supported,0.63554384076662,-0.9045172038096554,-1.0290012995448654
1,2,0,0,1,0,1,1,5,2,2,School-Supported,0.10719843371284024,1.1193120251415138,0.06404204955927789
1,2,0,0,0,0,1,1,3,2,1,Offline Independents,-0.06704747358719312,-0.12114719006164082,-0.7706456263027274
1,1,0,0,1,0,0,1,4,3,2,School-Supported,-0.4689240739458775,0.1438754560147829,0.4234275244406084
2,1,0,0,1,0,1,0,5,1,4,Casual Learners,-1.3505101317477666,-1.1070345600874023,0.7997795713052056
1,3,0,0,1,0,1,1,4,3,2,School-Supported,0.9391276825653558,1.145129589931238,-0.3765270011493758
2,3,0,0,1,0,1,1,4,3,2,School-Supported,0.41159886546395114,0.727713275606298,-0.791536265046085
1,3,0,1,1,0,1,1,3,2,3,Connected Achievers,2.184212776520882,0.26263334673739813,1.8545590100864977
1,1,0,1,1,0,1,0,3,1,3,Connected Achievers,0.5623054190174697,-1.6636766530844038,3.203844747409633
2,2,0,0,1,0,1,1,3,3,2,School-Supported,0.11856321094090501,0.04434185377036174,-0.8996853747774506
1,1,0,0,1,0,0,1,4,3,2,School-Supported,-0.4689240739458775,0.1438754560147829,0.4234275244406084
1,2,0,0,1,0,1,1,3,3,2,School-Supported,0.6460920280423097,0.46175816809530174,-0.4846761108807414
1,1,0,1,1,0,0,1,4,1,3,Connected Achievers,0.6359593803013419,-0.6470586230509551,2.896543634704638
1,2,0,1,1,1,1,1,2,2,3,Connected Achievers,2.9079472920951854,0.015748393173644622,1.6202336301280575
1,2,0,0,1,0,0,1,3,5,2,School-Supported,0.10451485999378081,0.6441225495945156,0.04751643611566218
1,2,0,0,1,0,0,0,3,3,4,Casual Learners,0.12455303569164612,-1.521857521181643,0.9350663076940939
1,2,0,1,1,0,1,1,4,4,3,Connected Achievers,0.5768125829297931,1.6601043683176997,2.4891019479462737
3,2,0,0,1,0,0,1,3,3,2,School-Supported,-0.4335621443833139,-1.1395691366353815,-0.911818016445171
1,2,0,0,1,0,0,1,3,3,2,School-Supported,0.6214954898194958,-0.3047365079855016,-0.08179948865175271
2,1,0,0,0,0,0,0,5,5,4,Casual Learners,-3.380697746164371,-0.08428695037510481,1.2399764900307457
1,1,0,1,1,0,0,1,3,4,3,Connected Achievers,0.25918039018393296,0.2102382704009603,2.783829460443897
1,1,0,0,0,0,0,1,3,4,1,Offline Independents,-1.3003522507799317,-0.05616253748025278,-0.039914127625825906
1,2,0,0,0,0,1,1,3,4,1,Offline Independents,-0.5840281034129081,0.8277118675183764,-0.6413297015353125
1,2,0,0,1,0,1,1,3,2,2,School-Supported,0.9045823429551673,-0.012671360694706871,-0.5493340732644489
1,2,0,0,1,0,1,0,2,2,4,Casual Learners,0.806331843448481,-1.7957840668089586,0.16084366166953434
1,2,0,1,1,0,1,1,3,2,3,Connected Achievers,1.492485167376672,0.14525361781957224,2.0530979617669955
1,2,0,0,1,1,0,1,2,3,0,Supported Studiers,2.03695761453801,-0.43424173263142934,-0.5146638202906906
1,2,0,0,1,0,1,0,4,4,4,Casual Learners,-0.508032695619561,0.28505837660727906,0.903535709260676
1,2,0,1,0,0,1,1,4,3,3,Connected Achievers,-0.13632691869970986,1.0771990101607574,2.203132432524288
1,3,0,1,1,0,1,1,4,4,3,Connected Achievers,1.268540192074003,1.7774840972355255,2.290562996265776
1,2,0,1,0,0,1,1,4,4,3,Connected Achievers,-0.3948172336125674,1.5516285389507658,2.2677903949079954
3,2,0,0,1,0,1,1,4,3,2,School-Supported,-0.8076575607816636,0.1929172323635322,-1.0080065772622964
1,2,0,1,1,0,0,1,3,4,3,Connected Achievers,0.9509079993281427,0.32761799931878616,2.585290508763399
1,1,0,0,0,0,1,0,3,2,4,Casual Learners,-1.2557175368592524,-1.4556479321756084,0.44475912172361703
1,2,0,1,1,0,1,1,3,3,3,Connected Achievers,1.2339948524638142,0.6196831466095809,2.117755924150703
1,2,0,0,1,0,1,1,3,3,2,School-Supported,0.6460920280423097,0.46175816809530174,-0.4846761108807414
1,2,0,0,1,0,0,1,4,3,2,School-Supported,0.22280353519833235,0.26125518493260874,0.22488857276011068
1,1,0,1,1,0,1,1,2,2,3,Connected Achievers,1.1994495128536256,-0.5381178040163639,1.94494885203563
1,3,0,1,0,0,0,1,3,2,3,Connected Achievers,1.1879864217557072,-0.612337158710339,2.0361240792772084
1,2,0,0,1,0,0,1,4,4,2,School-Supported,-0.03568677971452514,0.7356847137226173,0.2895465351438181
2,2,0,0,0,1,1,1,3,3,0,Supported Studiers,0.1637035644958948,0.3723524926756104,-1.2471731980428036
1,2,0,0,1,0,1,1,3,2,2,School-Supported,0.9045823429551673,-0.012671360694706871,-0.5493340732644489
2,2,0,0,0,0,0,1,4,4,1,Offline Independents,-1.5348454133582903,0.2097925700307435,-0.3467742817911694
1,2,0,0,1,0,0,0,3,4,4,Casual Learners,-0.1339372792212114,-1.0474279923916345,0.9997242700778013
1,3,0,0,1,0,1,1,3,3,2,School-Supported,1.3378196371865196,0.5791378970131276,-0.6832150625612392
2,2,0,0,0,0,1,1,4,2,1,Offline Independents,-0.9932682453097617,0.027428188531529504,-0.8789668287875732
1,3,0,0,1,0,0,1,3,3,2,School-Supported,1.3132230989637057,-0.18735677906767562,-0.2803384403322504
1,1,0,0,0,0,1,1,5,5,1,Offline Independents,-2.3316299367123023,2.31674505322678,0.23524333535261951
1,2,0,1,1,0,0,0,3,3,3,Connected Achievers,0.7124558601131504,-1.3639325426673639,3.5374983427255384
2,2,0,0,1,0,1,1,3,3,2,School-Supported,0.11856321094090501,0.04434185377036174,-0.8996853747774506
2,1,0,1,1,1,1,1,3,3,3,Connected Achievers,1.03150859631555,0.5213735716389977,1.7751093417074169
1,2,0,0,1,0,0,0,3,5,4,Casual Learners,-0.3924275941340689,-0.5729984636016258,1.0643822324615089
1,1,0,0,0,0,1,1,3,4,1,Offline Independents,-1.2757557125571177,0.7103321386005506,-0.4427907498548146
1,3,0,1,1,0,0,1,3,5,3,Connected Achievers,1.3841452935594951,0.9194272570266208,2.451409519466609
1,1,0,1,1,0,1,1,5,5,3,Connected Achievers,-0.7720972957484378,2.583145861107993,3.058986923422342
1,3,0,0,1,0,1,1,4,3,2,School-Supported,0.9391276825653558,1.145129589931238,-0.3765270011493758
1,1,0,0,1,1,1,1,3,3,0,Supported Studiers,0.9711345889954502,0.7808649074496583,-0.4123134294273182
2,2,0,1,1,0,0,1,3,5,3,Connected Achievers,0.16488886731388036,0.3846312137838549,2.234939207250397
1,2,0,0,1,0,1,1,4,4,2,School-Supported,-0.011090241491711261,1.5021793898034206,-0.1133300870851706
1,3,0,0,1,0,1,1,3,3,2,School-Supported,1.3378196371865196,0.5791378970131276,-0.6832150625612392
1,3,0,0,1,0,1,1,4,5,2,School-Supported,0.42214705273964087,2.0939886475112552,-0.24721107638196094
1,1,0,0,0,0,1,1,5,3,1,Offline Independents,-1.8146493068865874,1.3678859956467626,0.10592741058520463
1,1,0,0,0,0,0,1,5,2,1,Offline Independents,-1.5807555301965437,0.1269617907759506,0.444146070430486
1,2,0,0,0,0,1,1,4,2,1,Offline Independents,-0.4657394282083568,0.4448445028564695,-0.4639575648908639
1,2,0,0,1,0,1,1,4,4,2,School-Supported,-0.011090241491711261,1.5021793898034206,-0.1133300870851706
2,2,0,0,1,0,1,0,4,3,4,Casual Learners,-0.7770711978081084,-0.6067874665076693,0.42386848298025936
2,1,0,0,0,0,1,1,4,2,1,Offline Independents,-1.684995854453971,-0.08995154038629638,-0.6804278771070753
1,1,0,0,0,0,0,1,4,3,1,Offline Independents,-1.4405538904882378,0.03539962664784899,0.20211597140233004
1,2,0,0,0,0,0,1,2,3,1,Offline Independents,0.0485576278982989,-0.9792040302705457,-0.6097991031018944
2,2,0,0,1,0,1,1,2,2,2,School-Supported,0.775745480474926,-0.9960793679377571,-1.2710313985730215
1,1,0,0,1,0,1,1,4,4,2,School-Supported,-0.702817850635921,1.3847996608855946,0.08520886459532719
1,2,0,0,0,0,0,1,4,4,1,Offline Independents,-1.0073165962568855,0.6272088843556834,0.0682349821055397
1,1,0,1,0,0,0,1,5,5,3,Connected Achievers,-1.768323650513612,1.7081753556602557,3.2405519926130526
1,2,0,1,0,0,1,1,3,2,3,Connected Achievers,0.5208553508343112,0.03677778845263834,1.831786408728717
1,1,0,0,0,0,1,1,5,5,1,Offline Independents,-2.3316299367123023,2.31674505322678,0.23524333535261951
2,3,0,0,1,0,0,1,2,3,2,School-Supported,1.1843862364834643,-1.170764786310726,-1.002035765640823
2,3,0,0,1,0,0,1,2,2,2,School-Supported,1.442876551396322,-1.6451943151007347,-1.0666937280245306
3,1,0,0,1,0,0,1,2,2,2,School-Supported,-0.46810748399350266,-2.297370087261326,-1.0846250885602442
3,1,0,0,1,0,1,1,3,3,2,School-Supported,-1.1006932153047098,-0.49045418947240405,-1.116155686993662
1,1,0,0,1,0,0,1,4,4,2,School-Supported,-0.727414388858735,0.6183049848047915,0.48808548682431585
1,1,0,0,0,0,0,1,2,1,1,Offline Independents,-0.12618935142019588,-2.0454428167683885,-0.5405760761888116
1,3,0,0,1,0,1,1,3,3,2,School-Supported,1.3378196371865196,0.5791378970131276,-0.6832150625612392
3,2,0,0,0,0,0,0,4,5,4,Casual Learners,-2.8178069995004025,-0.9503152287003293,0.31974021304167555
2,1,0,0,0,0,1,1,3,4,1,Offline Independents,-1.8032845296585225,0.2929158242756105,-0.8578000137515238
1,3,0,0,1,0,1,1,3,3,2,School-Supported,1.3378196371865196,0.5791378970131276,-0.6832150625612392
2,1,0,0,1,0,1,0,3,3,4,Casual Learners,-1.0701068523311545,-1.2901588883436055,0.31571937324889376
2,1,0,0,1,0,1,1,3,2,2,School-Supported,-0.3146740832904473,-0.5474674039374727,-0.7658043854806602
2,1,0,0,0,0,1,1,3,2,1,Offline Independents,-1.2863038998328074,-0.6559432333044066,-0.9871159385189386
1,2,0,0,0,0,0,0,3,2,4,Casual Learners,-0.5885864659378568,-2.1047628793385855,0.6490967922721079
1,3,0,0,1,0,1,1,3,3,2,School-Supported,1.3378196371865196,0.5791378970131276,-0.6832150625612392
2,1,0,0,1,0,1,1,3,3,2,School-Supported,-0.5731643982033049,-0.07303787514746415,-0.7011464230969527
1,3,0,0,1,0,1,1,2,2,2,School-Supported,1.9950019067205407,-0.4612833246949913,-1.05456108635681
1,1,0,0,0,0,0,1,4,4,1,Offline Independents,-1.6990442054010952,0.5098291554378576,0.2667739337860375
1,1,0,0,1,0,0,1,4,5,2,School-Supported,-0.9859047037715926,1.0927345135948001,0.5527434492080232
1,2,0,0,1,0,0,1,4,2,2,School-Supported,0.48129385011118986,-0.21317434385739986,0.1602306103764032
2,1,0,0,1,0,1,1,4,2,2,School-Supported,-0.7133660379116107,0.018524288980637512,-0.4591163240687968
1,2,0,0,1,0,0,1,3,2,2,School-Supported,0.8799858047323533,-0.7791660367755102,-0.14645745103546018
1,2,0,0,0,0,0,0,3,4,4,Casual Learners,-1.1055670957635717,-1.1559038217585687,0.7784127170395228
1,1,0,0,1,0,0,1,3,2,2,School-Supported,0.1882581955881436,-0.8965457656933361,0.05208150064503764
2,3,0,0,1,1,1,1,2,1,0,Supported Studiers,2.7427335746293435,-0.9166426995377572,-1.6604045828643013
1,1,0,0,1,0,0,1,5,4,2,School-Supported,-1.1261063434798984,1.1842966777229016,0.7947735482361792
1,1,0,1,1,0,0,0,2,1,3,Connected Achievers,0.9364008354158192,-2.9961630220833166,3.3000333082267583
1,2,0,1,0,1,1,0,4,4,3,Connected Achievers,0.12501048235693313,0.770993994026807,3.1584799210267676
3,1,0,0,0,0,0,0,2,2,4,Casual Learners,-1.9366797546637127,-3.6229669298244014,-0.2890708452526758
2,1,0,0,0,0,1,0,4,4,4,Casual Learners,-2.6989189384075356,-0.3582134960024206,0.4657538440061862
1,2,0,0,0,0,0,1,3,5,1,Offline Independents,-0.8671149565485796,0.5356467202275818,-0.17379511692261623
1,2,0,0,0,0,0,1,2,3,1,Offline Independents,0.0485576278982989,-0.9792040302705457,-0.6097991031018944
1,2,0,0,1,0,0,1,4,2,2,School-Supported,0.48129385011118986,-0.21317434385739986,0.1602306103764032
2,2,0,0,1,0,1,1,3,2,2,School-Supported,0.3770535258537625,-0.4300876750196469,-0.964343337161158
1,2,0,0,1,0,1,1,4,4,2,School-Supported,-0.011090241491711261,1.5021793898034206,-0.1133300870851706
1,2,0,0,0,0,1,1,3,5,1,Offline Independents,-0.8425184183257657,1.302141396308385,-0.5766717391516051
2,2,0,0,1,0,1,1,4,5,2,School-Supported,-0.7971093735059737,1.5591926042684892,-0.4636813885981723
2,2,0,0,0,0,1,1,4,4,1,Offline Independents,-1.5102488751354766,0.9762872461115467,-0.7496509040201583
2,2,0,0,0,0,1,1,4,4,1,Offline Independents,-1.5102488751354766,0.9762872461115467,-0.7496509040201583
1,2,0,0,0,0,1,1,3,4,1,Offline Independents,-0.5840281034129081,0.8277118675183764,-0.6413297015353125
1,1,0,0,1,0,1,1,3,3,2,School-Supported,-0.04563558110189999,0.3443784391774758,-0.28613715920024363
1,2,0,0,1,1,1,1,2,3,0,Supported Studiers,2.0615541527608237,0.33225294344937395,-0.9175404425196794
1,2,0,0,1,1,1,1,4,3,0,Supported Studiers,1.2641702435184965,1.4642363292855944,-0.3041643196959526
1,2,0,0,0,0,1,1,2,3,1,Offline Independents,0.07315416612111283,-0.2127093541897424,-1.0126757253308831
1,2,0,0,1,0,1,0,4,2,4,Casual Learners,0.008947934206153994,-0.6638006809727381,0.7742197844932611
1,2,0,0,1,0,1,1,3,3,2,School-Supported,0.6460920280423097,0.46175816809530174,-0.4846761108807414
1,2,0,0,1,0,0,1,2,2,2,School-Supported,1.278677759353517,-1.3451577296936206,-0.4531455124473235
1,2,0,0,1,0,1,1,3,4,2,School-Supported,0.38760171312945224,0.9361876968853103,-0.42001814849703395
1,1,0,0,1,0,1,1,3,3,2,School-Supported,-0.04563558110189999,0.3443784391774758,-0.28613715920024363
1,2,0,0,0,0,1,1,2,3,1,Offline Independents,0.07315416612111283,-0.2127093541897424,-1.0126757253308831
1,2,0,0,1,0,0,1,3,3,2,School-Supported,0.6214954898194958,-0.3047365079855016,-0.08179948865175271
1,2,0,0,0,0,0,1,3,3,1,Offline Independents,-0.3501343267228646,-0.4132123373524355,-0.3031110416900311
1,2,0,0,0,0,1,1,3,3,1,Offline Independents,-0.32553778850005066,0.3532823387283678,-0.7059876639190199
2,2,0,0,0,0,1,1,4,4,1,Offline Independents,-1.5102488751354766,0.9762872461115467,-0.7496509040201583
1,1,0,0,1,0,1,1,3,2,2,School-Supported,0.2128547338109575,-0.1300510896125328,-0.35079512158395104
2,1,0,0,0,0,0,1,3,3,1,Offline Independents,-1.569390752968479,-0.9480083805952013,-0.5195813539062425
1,2,0,0,0,0,1,1,3,2,1,Offline Independents,-0.06704747358719312,-0.12114719006164082,-0.7706456263027274
1,1,0,0,0,0,0,1,2,3,1,Offline Independents,-0.643169981245911,-1.0965837591883716,-0.4112601514213967
3,1,0,0,1,0,1,1,3,4,2,School-Supported,-1.3591835302175672,-0.016024660682395428,-1.0514977246099546
1,2,0,0,1,0,0,1,5,2,2,School-Supported,0.08260189549002636,0.3528173490607104,0.46691867178826657
1,2,0,0,1,0,1,1,3,5,2,School-Supported,0.12911139821659473,1.4106172256753189,-0.3553601861133265
1,2,0,1,1,0,1,0,4,3,3,Connected Achievers,0.33836044371480084,-0.03144617366845028,3.441309781908413
1,2,0,0,1,0,0,0,4,4,4,Casual Learners,-0.5326292338423749,-0.4814362994735242,1.3064123314896645
1,1,0,0,1,0,0,1,3,2,2,School-Supported,0.1882581955881436,-0.8965457656933361,0.05208150064503764
1,2,0,0,1,0,0,1,3,3,2,School-Supported,0.6214954898194958,-0.3047365079855016,-0.08179948865175271
1,2,0,0,0,0,1,1,3,2,1,Offline Independents,-0.06704747358719312,-0.12114719006164082,-0.7706456263027274
2,1,0,0,1,0,0,0,3,2,4,Casual Learners,-0.836213075641111,-2.5310830932144173,0.653938033094175
2,3,0,0,1,0,1,1,4,2,2,School-Supported,0.6700891803768086,0.2532837468162893,-0.8561942274297925
1,2,0,0,1,0,0,1,3,5,2,School-Supported,0.10451485999378081,0.6441225495945156,0.04751643611566218
1,2,0,1,1,0,0,1,3,4,3,Connected Achievers,0.9509079993281427,0.32761799931878616,2.585290508763399
1,2,0,0,1,0,1,1,4,4,2,School-Supported,-0.011090241491711261,1.5021793898034206,-0.1133300870851706
1,1,0,0,1,0,0,0,2,1,4,Casual Learners,0.3484980109943149,-3.154088000597596,0.6976012731953134
2,2,0,0,0,0,0,1,4,4,1,Offline Independents,-1.5348454133582903,0.2097925700307435,-0.3467742817911694
1,2,0,0,0,0,0,1,4,5,1,Offline Independents,-1.2658069111697432,1.101638413145692,0.13289294448924713
1,2,0,0,1,0,0,1,2,4,2,School-Supported,0.7616971295278018,-0.39629867211360326,-0.3238295876799086
2,1,0,0,1,0,0,0,3,3,4,Casual Learners,-1.0947033905539685,-2.056653564424409,0.7185959954778824
1,3,0,0,1,0,1,1,3,3,2,School-Supported,1.3378196371865196,0.5791378970131276,-0.6832150625612392
2,2,0,0,1,0,1,1,2,5,2,School-Supported,0.0002745357363534501,0.4272092184322687,-1.077057511421899
1,3,0,0,1,0,1,0,3,4,4,Casual Learners,0.5823868681458123,-0.16355358739300527,0.3983086961683149
1,2,0,1,0,0,0,1,3,1,3,Connected Achievers,0.7547491275243547,-1.2041464164181737,2.1700050685739987
1,3,0,0,1,0,1,1,3,2,2,School-Supported,1.5963099520993773,0.10470836822311891,-0.7478730249449467
1,2,0,0,0,0,1,1,3,3,1,Offline Independents,-0.32553778850005066,0.3532823387283678,-0.7059876639190199
1,2,0,0,0,0,1,1,3,4,1,Offline Independents,-0.5840281034129081,0.8277118675183764,-0.6413297015353125
1,2,0,0,1,0,0,1,3,3,2,School-Supported,0.6214954898194958,-0.3047365079855016,-0.08179948865175271
2,3,0,0,0,0,1,1,2,3,1,Offline Independents,0.23735295816391783,-0.5127459395968564,-1.62622394090809
1,2,0,0,0,0,1,1,2,3,1,Offline Independents,0.07315416612111283,-0.2127093541897424,-1.0126757253308831
2,2,0,0,1,0,1,1,5,2,2,School-Supported,-0.42033038338856454,0.7018957108165738,-0.3509672143374312
1,2,0,1,1,0,1,1,5,5,3,Connected Achievers,-0.08036968660422793,2.700525590025819,2.8604479717418445
1,2,0,0,1,0,1,1,2,4,2,School-Supported,0.7862936677506157,0.37019600396720004,-0.7267062099088974
2,2,0,0,1,0,0,1,4,2,2,School-Supported,-0.04623496699021493,-0.6305906581823398,-0.2547786535203059
2,3,0,0,0,0,1,1,3,3,1,Offline Independents,-0.1613389964572457,0.05324575332125373,-1.3195358794962266
1,2,0,0,0,0,1,1,4,2,1,Offline Independents,-0.4657394282083568,0.4448445028564695,-0.4639575648908639
1,1,0,0,0,0,0,1,5,2,1,Offline Independents,-1.5807555301965437,0.1269617907759506,0.444146070430486
1,2,0,0,0,0,1,1,3,3,1,Offline Independents,-0.32553778850005066,0.3532823387283678,-0.7059876639190199
1,1,0,0,1,0,1,1,2,1,2,School-Supported,0.8700370033449785,-1.1704723113206517,-0.7221411453795219
1,2,0,0,0,0,1,0,4,2,4,Casual Learners,-0.9626818823362064,-0.772276510339672,0.5529082314549826
1,3,0,0,1,0,1,1,3,2,2,School-Supported,1.5963099520993773,0.10470836822311891,-0.7478730249449467
1,1,0,0,0,0,0,1,3,5,1,Offline Independents,-1.5588425656927891,0.41826699130975586,0.024743834757881545
1,2,0,0,0,0,0,1,5,4,1,Offline Independents,-1.406008550878049,1.1932005772737937,0.374923043517403
2,3,0,0,0,0,1,1,3,3,1,Offline Independents,-0.1613389964572457,0.05324575332125373,-1.3195358794962266
1,2,0,0,1,0,1,0,3,2,4,Casual Learners,0.40763988882731755,-1.2297923738908485,0.46753172308139773
2,2,0,0,0,0,1,1,5,5,1,Offline Independents,-2.1674311446694974,2.016708467819666,-0.3783048802245873
2,2,0,0,1,0,0,1,3,3,2,School-Supported,0.09396667271809107,-0.7221528223104415,-0.49680875254846185
1,1,0,0,0,0,1,1,4,5,1,Offline Independents,-1.9329379820911388,1.7507533603086693,-0.07144472605924383
1,1,0,0,0,1,1,1,3,2,0,Supported Studiers,0.25799508736594756,0.19795954929271575,-0.6982829448493041
1,2,0,0,1,1,0,1,3,1,0,Supported Studiers,2.155246289742561,-0.8171090972933363,-0.3372916836462421
2,3,0,0,0,0,0,1,3,3,1,Offline Independents,-0.18593553468005963,-0.7132489227595495,-0.9166592572672381
2,3,0,0,1,0,0,1,2,2,2,School-Supported,1.442876551396322,-1.6451943151007347,-1.0666937280245306
1,2,0,1,0,0,0,0,3,2,3,Connected Achievers,-0.0006836415163524519,-1.9468379008243064,3.2515288273035527
2,3,0,0,1,0,0,1,4,4,2,School-Supported,0.1285120123282797,0.43564812831550326,-0.32400168043338873
3,1,0,0,0,0,0,1,3,3,1,Offline Independents,-2.096919570069884,-1.3654246949201412,-0.9345906178029516
1,2,0,0,1,0,0,0,3,4,4,Casual Learners,-0.1339372792212114,-1.0474279923916345,0.9997242700778013
2,1,0,0,0,0,0,1,2,2,1,Offline Independents,-0.9122084834344582,-1.98842960230332,-0.8909273777018133
1,2,0,0,1,0,0,1,3,3,2,School-Supported,0.6214954898194958,-0.3047365079855016,-0.08179948865175271
1,1,0,0,0,0,0,1,3,2,1,Offline Independents,-0.7833716209542168,-1.0050215950602701,-0.16923005239324082
2,1,0,0,0,0,0,1,4,5,1,Offline Independents,-2.4850633374153577,0.5668423699029262,-0.08357736772696421
2,1,0,0,0,0,1,0,3,2,4,Casual Learners,-1.7832463539606573,-1.873064246500548,0.02974985782690789
1,1,0,0,0,0,0,1,4,2,1,Offline Independents,-1.18206357557538,-0.43902990214215964,0.13745800901862257
1,2,0,0,1,0,0,1,3,4,2,School-Supported,0.3630051749066383,0.16969302080450702,-0.017141526268045264
1,2,0,0,1,0,0,1,3,3,2,School-Supported,0.6214954898194958,-0.3047365079855016,-0.08179948865175271
1,3,0,0,1,0,1,1,3,4,2,School-Supported,1.0793293222736622,1.053567425803136,-0.6185571001775318
1,3,0,0,1,0,0,0,4,3,4,Casual Learners,0.41758869021469225,-0.8384860993457068,1.0432154174254595
1,2,0,1,0,0,0,0,2,3,3,Connected Achievers,0.13951799819195349,-2.038400064952408,3.0094987282753967
1,2,0,0,1,0,0,1,3,1,2,School-Supported,1.138476119645211,-1.2535955655655189,-0.21111541341916762
1,2,0,0,0,0,1,1,2,4,1,Offline Independents,-0.18533614879174468,0.26172017460026614,-0.9480177629471758
2,1,0,0,0,0,0,0,2,2,4,Casual Learners,-1.4091509375623077,-3.2055506154994613,0.12593841864403324
2,2,0,0,1,1,1,1,2,3,0,Supported Studiers,1.5340253356594187,-0.08516337087556594,-1.3325497064163885
1,2,0,0,1,0,0,1,3,2,2,School-Supported,0.8799858047323533,-0.7791660367755102,-0.14645745103546018
1,3,0,0,0,0,1,0,3,2,4,Casual Learners,0.12773768142916686,-1.2208884743399564,0.04768121836262154
1,3,0,0,0,0,1,0,2,3,4,Casual Learners,0.2679393211374729,-1.312450638468058,-0.19434888066553435
1,3,0,0,1,0,1,1,3,3,2,School-Supported,1.3378196371865196,0.5791378970131276,-0.6832150625612392
2,1,0,0,0,0,0,1,4,4,1,Offline Independents,-2.2265730225025,0.0924128411129176,-0.14823533011067166
2,2,0,0,1,0,1,1,2,5,2,School-Supported,0.0002745357363534501,0.4272092184322687,-1.077057511421899
1,2,0,0,0,0,1,1,4,4,1,Offline Independents,-0.9827200580340718,1.3937035604364867,-0.33464164012344905
2,2,0,0,0,0,1,1,3,4,1,Offline Independents,-1.1115569205143128,0.4102955531934364,-1.0563389654320217
1,2,0,0,1,0,1,1,4,5,2,School-Supported,-0.2695805564045688,1.9766089185934292,-0.04867212470146316
2,2,0,0,1,0,0,1,3,5,2,School-Supported,-0.42301395710762396,0.22670623526957567,-0.3674928277810469
1,2,0,0,1,0,1,1,3,5,2,School-Supported,0.12911139821659473,1.4106172256753189,-0.3553601861133265
2,2,0,0,1,0,0,0,4,3,4,Casual Learners,-0.8016677360309222,-1.3732821425884727,0.826745105209248
1,2,0,0,1,0,1,0,5,2,4,Casual Learners,-0.38974402041500955,-0.09780898805462779,1.0809078459051242
1,2,0,0,1,0,0,1,2,5,2,School-Supported,0.5032068146149442,0.0781308566764054,-0.25917162529620114
2,2,0,0,1,0,0,1,3,3,2,School-Supported,0.09396667271809107,-0.7221528223104415,-0.49680875254846185
2,2,0,1,1,0,0,1,4,4,3,Connected Achievers,0.024687227605574315,0.47619337791195654,2.476969306278553
2,1,0,0,0,0,1,1,2,4,1,Offline Independents,-1.4045925750373591,-0.2730758686424998,-1.1644880751633873
3,3,0,0,1,0,0,1,2,3,2,School-Supported,0.6568574193820592,-1.5881811006356656,-1.417045029537532
2,1,0,0,0,0,1,1,2,3,1,Offline Independents,-1.1461022601245017,-0.7475053974325083,-1.2291460375470946
2,1,0,0,0,0,0,1,4,4,1,Offline Independents,-2.2265730225025,0.0924128411129176,-0.14823533011067166
2,1,0,0,0,0,1,1,5,4,1,Offline Independents,-2.600668438900849,1.424899210111831,-0.24442389092779707
1,1,0,0,0,0,0,1,4,4,1,Offline Independents,-1.6990442054010952,0.5098291554378576,0.2667739337860375
2,2,0,1,0,0,1,1,4,4,3,Connected Achievers,-0.9223460507139722,1.134212224625826,1.852781131011286
1,2,0,0,1,0,0,1,4,5,2,School-Supported,-0.2941770946273827,1.210114242512626,0.3542044975275256
2,2,0,0,0,0,1,1,3,1,1,Offline Independents,-0.33608597577574045,-1.0129930331765895,-1.250312852583144
1,2,0,0,0,0,0,1,3,3,1,Offline Independents,-0.3501343267228646,-0.4132123373524355,-0.3031110416900311
1,3,0,0,1,0,0,1,3,3,2,School-Supported,1.3132230989637057,-0.18735677906767562,-0.2803384403322504
1,3,0,0,1,0,0,1,3,3,2,School-Supported,1.3132230989637057,-0.18735677906767562,-0.2803384403322504
1,3,0,0,0,0,1,1,2,4,1,Offline Independents,0.5063914603524651,0.37909990351809203,-1.1465567146276736
1,2,0,0,1,0,1,1,4,3,2,School-Supported,0.24740007342114623,1.0277498610134121,-0.17798804946887806
1,2,0,0,1,0,1,1,3,2,2,School-Supported,0.9045823429551673,-0.012671360694706871,-0.5493340732644489
1,3,0,0,1,0,0,1,2,2,2,School-Supported,1.9704053684977267,-1.2277780007757946,-0.6516844641278212
2,3,0,0,1,0,1,1,4,2,2,School-Supported,0.6700891803768086,0.2532837468162893,-0.8561942274297925
1,1,0,0,1,0,0,1,4,3,2,School-Supported,-0.4689240739458775,0.1438754560147829,0.4234275244406084
2,2,0,0,1,0,1,1,3,4,2,School-Supported,-0.13992710397195252,0.5187713825603704,-0.8350274123937432
2,2,0,0,1,0,0,1,4,5,2,School-Supported,-0.8217059117287875,0.792697928187686,-0.06080476636918357
1,1,0,0,1,0,0,1,4,2,2,School-Supported,-0.21043375903301997,-0.33055407277522575,0.35876956205690097
1,2,0,0,1,1,0,1,2,4,0,Supported Studiers,1.7784672996251523,0.04018779615857927,-0.4500058579069831
2,3,0,0,1,0,1,1,3,4,2,School-Supported,0.5518005051722573,0.6361511114781963,-1.033566364074241
2,3,0,0,1,0,0,1,3,3,2,School-Supported,0.7856942818623008,-0.6047730933926156,-0.6953477042289595
1,2,0,0,0,0,1,0,5,3,4,Casual Learners,-1.6198641518702275,0.2681447113684469,0.9242542552505535
1,2,0,1,1,0,0,0,4,4,3,Connected Achievers,0.05527359057912947,-0.32351132095924495,3.9088443665211092
2,2,0,0,1,0,1,1,3,3,2,School-Supported,0.11856321094090501,0.04434185377036174,-0.8996853747774506
2,2,0,0,0,0,1,1,2,1,1,Offline Independents,0.06260597884542309,-1.5789847260946996,-1.5570009139950074
1,1,0,0,0,0,1,1,4,4,1,Offline Independents,-1.6744476671782813,1.2763238315186607,-0.1361026884429513
1,3,0,0,1,0,1,1,3,4,2,School-Supported,1.0793293222736622,1.053567425803136,-0.6185571001775318
2,1,0,0,1,0,0,1,2,4,2,School-Supported,-0.4575592967178127,-0.931094715356369,-0.54029989989612
1,3,0,0,1,0,1,1,3,4,2,School-Supported,1.0793293222736622,1.053567425803136,-0.6185571001775318
2,2,0,0,1,0,1,1,4,4,2,School-Supported,-0.5386190585931161,1.0847630754784805,-0.5283393509818799
1,2,0,0,1,0,0,1,4,4,2,School-Supported,-0.03568677971452514,0.7356847137226173,0.2895465351438181
1,1,0,0,1,0,1,1,4,4,2,School-Supported,-0.702817850635921,1.3847996608855946,0.08520886459532719
1,1,0,0,0,0,1,1,3,4,1,Offline Independents,-1.2757557125571177,0.7103321386005506,-0.4427907498548146
1,2,0,0,1,0,0,1,2,2,2,School-Supported,1.278677759353517,-1.3451577296936206,-0.4531455124473235
1,2,0,1,1,0,0,1,3,3,3,Connected Achievers,1.2093983142410003,-0.1468115294712224,2.5206325463796917
1,2,0,0,0,0,1,1,2,3,1,Offline Independents,0.07315416612111283,-0.2127093541897424,-1.0126757253308831
1,1,0,0,1,0,0,1,2,5,2,School-Supported,-0.1885207945292654,-0.03924887224142038,-0.06063267361570339
3,3,0,0,0,0,1,0,5,5,4,Casual Learners,-2.500174806754542,0.49955086921641023,0.02501270054405239
1,1,0,0,1,0,1,1,3,5,2,School-Supported,-0.562616210927615,1.2932374967574929,-0.15682123443282875
1,2,0,0,1,0,0,0,2,2,4,Casual Learners,0.7817353052256671,-2.5622787428897618,0.563720283898523
1,3,0,0,1,0,1,1,3,2,2,School-Supported,1.5963099520993773,0.10470836822311891,-0.7478730249449467
1,3,0,0,1,0,0,1,4,3,2,School-Supported,0.9145311443425419,0.37863491385043463,0.026349621079612952
2,3,0,0,0,0,0,1,3,3,1,Offline Independents,-0.18593553468005963,-0.7132489227595495,-0.9166592572672381
2,3,0,0,0,0,1,1,5,5,1,Offline Independents,-1.4757035355252877,2.134088196737492,-0.5768438319050851
1,3,0,0,0,0,1,1,3,3,1,Offline Independents,0.3661898206441591,0.4706620676461936,-0.9045266155995176
1,1,0,0,0,0,1,1,3,5,1,Offline Independents,-1.5342460274699752,1.184761667390559,-0.3781327874711071
1,3,0,0,1,0,1,1,4,4,2,School-Supported,0.6806373676524984,1.6195591187212464,-0.31186903876566835
2,3,0,0,1,0,0,1,3,3,2,School-Supported,0.7856942818623008,-0.6047730933926156,-0.6953477042289595
1,1,0,0,1,1,1,1,2,5,0,Supported Studiers,0.8528459137908988,1.1637322721115653,-0.5896855660717667
1,1,0,0,1,0,0,0,3,4,4,Casual Learners,-0.8256648883654212,-1.1648077213094605,1.1982632217582991
1,3,0,0,1,0,0,1,4,3,2,School-Supported,0.9145311443425419,0.37863491385043463,0.026349621079612952
1,1,0,0,0,0,0,1,4,2,1,Offline Independents,-1.18206357557538,-0.43902990214215964,0.13745800901862257
1,2,0,0,0,0,1,1,3,4,1,Offline Independents,-0.5840281034129081,0.8277118675183764,-0.6413297015353125
1,2,0,0,0,0,1,1,3,3,1,Offline Independents,-0.32553778850005066,0.3532823387283678,-0.7059876639190199
1,3,0,0,0,0,0,1,4,5,1,Offline Independents,-0.5740793020255334,1.219018142063518,-0.06564600719125062
1,2,0,0,1,0,0,1,3,2,2,School-Supported,0.8799858047323533,-0.7791660367755102,-0.14645745103546018
1,2,0,0,1,0,0,1,3,3,2,School-Supported,0.6214954898194958,-0.3047365079855016,-0.08179948865175271
1,2,0,0,1,0,1,1,3,3,2,School-Supported,0.6460920280423097,0.46175816809530174,-0.4846761108807414
1,2,0,0,0,0,1,1,3,3,1,Offline Independents,-0.32553778850005066,0.3532823387283678,-0.7059876639190199
1,2,0,0,1,0,0,1,3,1,2,School-Supported,1.138476119645211,-1.2535955655655189,-0.21111541341916762
1,3,0,0,1,0,0,1,3,3,2,School-Supported,1.3132230989637057,-0.18735677906767562,-0.2803384403322504
1,3,0,0,0,0,0,1,4,3,1,Offline Independents,-0.057098672199818366,0.27015908448350073,-0.1949619319586655
1,3,0,0,0,0,0,1,3,2,1,Offline Independents,0.6000835973342027,-0.7702621372246182,-0.5663079557542363
1,3,0,0,1,0,0,1,4,5,2,School-Supported,0.39755051451682694,1.327493971430452,0.15566554584702783
1,3,0,0,1,0,1,1,4,3,2,School-Supported,0.9391276825653558,1.145129589931238,-0.3765270011493758
2,2,0,0,1,0,1,1,3,4,2,School-Supported,-0.13992710397195252,0.5187713825603704,-0.8350274123937432
1,2,0,0,1,0,1,1,3,5,2,School-Supported,0.12911139821659473,1.4106172256753189,-0.3553601861133265
1,2,0,0,1,0,1,1,4,4,2,School-Supported,-0.011090241491711261,1.5021793898034206,-0.1133300870851706
1,2,0,0,0,0,1,1,3,5,1,Offline Independents,-0.8425184183257657,1.302141396308385,-0.5766717391516051
1,2,0,0,1,0,1,1,3,4,2,School-Supported,0.38760171312945224,0.9361876968853103,-0.42001814849703395
1,3,0,0,1,0,0,1,4,2,2,School-Supported,1.1730214592553996,-0.09579461493957397,-0.038308341304094495
1,2,0,0,1,0,1,1,2,2,2,School-Supported,1.303274297576331,-0.5786630536128171,-0.8560221346763123
2,3,0,0,0,0,0,1,2,2,1,Offline Independents,0.4712467348539614,-1.7536701444676683,-1.2880052810628089
1,2,0,0,1,0,0,1,4,4,2,School-Supported,-0.03568677971452514,0.7356847137226173,0.2895465351438181
1,3,0,0,1,0,0,1,3,4,2,School-Supported,1.0547327840508482,0.28707274972233293,-0.21568047794854298
1,1,0,0,0,0,0,1,3,4,1,Offline Independents,-1.3003522507799317,-0.05616253748025278,-0.039914127625825906
2,1,0,0,1,0,0,1,3,3,2,School-Supported,-0.5977609364261188,-0.8395325512282674,-0.29826980086796406
2,2,0,0,1,0,1,1,4,4,2,School-Supported,-0.5386190585931161,1.0847630754784805,-0.5283393509818799
2,1,0,0,1,0,0,1,4,4,2,School-Supported,-1.2549432059601398,0.2008886704798515,0.07307622292760672
2,2,0,0,0,0,0,0,5,2,4,Casual Learners,-1.9134991922815887,-1.390195807827305,0.8474636511991255
2,1,0,0,0,0,0,0,3,4,4,Casual Learners,-2.324823522009186,-1.690699865001334,0.5619424048233115
1,2,0,0,1,0,0,0,3,2,4,Casual Learners,0.3830433506045036,-1.9962870499716516,0.8704083453103865
1,3,0,1,0,0,0,1,4,3,3,Connected Achievers,0.530804152221686,0.42808406299777985,2.4074701030727788
2,1,0,0,0,0,0,1,5,1,1,Offline Independents,-1.849794032385091,-0.7648840523389978,-0.035521155849930604
2,2,0,0,1,0,0,1,4,3,2,School-Supported,-0.30472528190307246,-0.1561611293923312,-0.19012069113659846
2,1,0,0,1,0,1,0,2,3,4,Casual Learners,-0.6714148977099911,-1.8561505812617158,0.009031311837030436
2,1,0,0,1,0,0,1,5,5,2,School-Supported,-1.9121254754941606,1.2413098921879704,0.44442224672317765
2,2,0,0,1,0,1,0,4,5,4,Casual Learners,-1.2940518276338233,0.34207159107234786,0.5531844077476742
1,2,0,0,0,1,0,1,4,3,0,Supported Studiers,0.26794388875332215,0.5892658238378574,-0.12259925050524229
1,2,0,0,1,0,1,1,3,4,2,School-Supported,0.38760171312945224,0.9361876968853103,-0.42001814849703395
1,2,0,0,1,0,1,1,3,4,2,School-Supported,0.38760171312945224,0.9361876968853103,-0.42001814849703395
3,2,0,0,0,0,0,0,4,5,4,Casual Learners,-2.8178069995004025,-0.9503152287003293,0.31974021304167555
1,2,0,0,1,0,1,1,3,3,2,School-Supported,0.6460920280423097,0.46175816809530174,-0.4846761108807414
3,1,0,0,0,0,1,0,5,5,4,Casual Learners,-3.883630025042962,0.26479141138075846,0.42209060390504793
2,3,0,0,0,0,1,1,2,2,1,Offline Independents,0.49584327307677534,-0.9871754683868651,-1.6908819032917977
3,2,0,0,1,0,0,1,5,4,2,School-Supported,-1.4894363685384984,0.46684377799084775,-0.2337839312377368
2,2,0,0,0,0,0,0,3,3,4,Casual Learners,-1.3746055979521192,-2.0477496648735167,0.2987454907591063
3,2,0,0,1,0,0,1,4,5,2,School-Supported,-1.3492347288301922,0.37528161386274617,-0.47581403026589264
1,2,0,1,1,0,0,1,4,2,3,Connected Achievers,1.0691966745326944,-0.0552493653431207,2.762662645407848
1,2,0,0,1,0,0,0,4,3,4,Casual Learners,-0.2741389189295174,-0.9558658282635327,1.2417543691059572
1,1,0,0,1,0,1,1,5,5,2,School-Supported,-1.360000120169942,2.4252208825937136,0.456554888390898
2,2,0,0,1,0,1,1,3,3,2,School-Supported,0.11856321094090501,0.04434185377036174,-0.8996853747774506
2,1,0,0,0,0,1,1,2,2,1,Offline Independents,-0.8876119452116442,-1.221934926222517,-1.2938039999308022
3,2,0,0,1,0,0,0,2,1,4,Casual Learners,-0.014832014064285188,-3.87154090032965,-0.33095620627860256
1,3,0,1,1,0,0,0,4,3,3,Connected Achievers,1.0054915146361967,-0.6805611208314276,3.6456474524569042
2,1,0,0,0,0,1,0,4,4,4,Casual Learners,-2.6989189384075356,-0.3582134960024206,0.4657538440061862
2,1,0,0,1,0,0,0,2,3,4,Casual Learners,-0.696011435932805,-2.6226452573425187,0.4119079340660191
3,2,0,0,1,0,1,1,3,4,2,School-Supported,-0.6674559210733575,0.10135506823543046,-1.2500366762904522
3,1,0,0,0,0,0,0,3,3,4,Casual Learners,-2.5938620241977337,-2.5825457081162826,0.08227517854289501
1,2,0,0,1,0,1,0,3,1,4,Casual Learners,0.6661302037401751,-1.7042219026808572,0.40287376069769026
1,2,0,0,1,0,0,1,5,4,2,School-Supported,-0.4343787343356887,1.3016764066407276,0.5962345965556813
3,1,0,0,1,0,1,0,3,2,4,Casual Learners,-1.3391453545197018,-2.182004731458554,-0.16394785303152273
2,1,0,0,1,0,1,1,4,3,2,School-Supported,-0.9718563528244683,0.4929538177706461,-0.3944583616850894
3,1,0,0,1,0,1,1,2,4,2,School-Supported,-0.9604915755964037,-0.5820163536005057,-1.3581857860218178
2,3,0,0,1,0,1,0,3,2,4,Casual Learners,0.5718386808701226,-1.5298289592979624,-0.14601649249580922
1,1,0,0,1,0,0,1,4,3,2,School-Supported,-0.4689240739458775,0.1438754560147829,0.4234275244406084
2,1,0,0,1,0,1,1,3,3,2,School-Supported,-0.5731643982033049,-0.07303787514746415,-0.7011464230969527
1,1,0,0,1,0,1,0,5,3,4,Casual Learners,-1.3399619444720767,0.2592408118175548,1.3441047599693297
3,1,0,0,1,0,1,0,5,3,4,Casual Learners,-2.3950195786748867,-0.5755918168323249,0.5140862321759114
2,1,0,0,1,0,0,0,2,1,4,Casual Learners,-0.17903080610708993,-3.5715043149225356,0.28259200929860423
3,2,0,0,1,0,0,1,4,5,2,School-Supported,-1.3492347288301922,0.37528161386274617,-0.47581403026589264
1,1,0,0,1,0,0,0,3,4,4,Casual Learners,-0.8256648883654212,-1.1648077213094605,1.1982632217582991
2,2,0,0,1,0,0,1,3,5,2,School-Supported,-0.42301395710762396,0.22670623526957567,-0.3674928277810469
1,2,0,0,0,0,0,0,3,2,4,Casual Learners,-0.5885864659378568,-2.1047628793385855,0.6490967922721079
2,1,0,0,0,0,1,0,4,4,4,Casual Learners,-2.6989189384075356,-0.3582134960024206,0.4657538440061862
1,2,0,0,0,0,1,1,4,5,1,Offline Independents,-1.2412103729469293,1.8681330892264953,-0.2699836777397416
1,1,0,0,0,0,1,1,5,4,1,Offline Independents,-2.0731396217994447,1.842315524436771,0.17058537296891207
1,1,0,0,1,0,1,1,4,4,2,School-Supported,-0.702817850635921,1.3847996608855946,0.08520886459532719
1,2,0,0,1,0,1,1,3,3,2,School-Supported,0.6460920280423097,0.46175816809530174,-0.4846761108807414
1,1,0,0,1,1,1,0,2,5,4,Casual Learners,0.3559034596630491,-0.05338874108457615,0.42718023027408
1,1,0,0,0,0,1,1,2,5,1,Offline Independents,-1.1355540728488118,0.6187699744724489,-0.6848208488829707
1,3,0,0,0,0,0,1,4,5,1,Offline Independents,-0.5740793020255334,1.219018142063518,-0.06564600719125062
2,1,0,0,1,0,1,1,4,5,2,School-Supported,-1.488836982650183,1.4418128753506634,-0.2651424369176745
1,3,0,0,1,0,0,0,3,3,4,Casual Learners,0.8162806448358558,-1.4044777922638172,0.7365273560135962
3,2,0,0,1,0,0,0,3,2,4,Casual Learners,-0.6720142835983062,-2.831119678621531,0.04038981751696821
2,2,0,0,1,0,1,0,3,2,4,Casual Learners,-0.11988892827408723,-1.6472086882157884,0.052522459184688564
2,2,0,0,0,0,0,1,4,5,1,Offline Independents,-1.7933357282711477,0.6842220988207521,-0.28211631940746196
2,2,0,1,0,0,0,0,3,5,3,Connected Achievers,-1.3036834033563298,-0.9409656287792206,3.0304934505579655
1,2,0,0,0,0,1,1,3,3,1,Offline Independents,-0.32553778850005066,0.3532823387283678,-0.7059876639190199
2,1,0,0,0,0,1,1,4,5,1,Offline Independents,-2.4604667991925435,1.3333370459837295,-0.4864539899559529
2,2,0,0,0,0,1,1,2,1,1,Offline Independents,0.06260597884542309,-1.5789847260946996,-1.5570009139950074
3,2,0,0,1,0,0,1,3,2,2,School-Supported,-0.1750718294704564,-1.6139986654253902,-0.9764759788288785
2,2,0,0,1,0,1,1,3,3,2,School-Supported,0.11856321094090501,0.04434185377036174,-0.8996853747774506
1,2,0,0,1,0,0,1,3,4,2,School-Supported,0.3630051749066383,0.16969302080450702,-0.017141526268045264
3,2,0,0,1,0,0,0,2,1,4,Casual Learners,-0.014832014064285188,-3.87154090032965,-0.33095620627860256
1,3,0,0,1,0,0,1,4,3,2,School-Supported,0.9145311443425419,0.37863491385043463,0.026349621079612952
1,1,0,0,0,0,0,1,2,3,1,Offline Independents,-0.643169981245911,-1.0965837591883716,-0.4112601514213967
2,2,0,0,0,0,0,1,2,2,1,Offline Independents,-0.22048087429024843,-1.8710498733854943,-1.0894663293823112
1,2,0,0,0,0,0,1,2,2,1,Offline Independents,0.30704794281115644,-1.4536335590605545,-0.6744570654856019
3,2,0,0,1,0,1,0,5,5,4,Casual Learners,-2.2202725993563917,0.49064696966551835,0.44486320526282863
1,1,0,0,0,0,1,1,3,3,1,Offline Independents,-1.0172653976442603,0.23590260981054195,-0.5074487122385221
1,3,0,0,1,0,0,0,3,3,4,Casual Learners,0.8162806448358558,-1.4044777922638172,0.7365273560135962
2,2,0,0,1,0,1,1,2,4,2,School-Supported,0.25876485064921095,-0.04722031035773992,-1.1417154738056066
2,1,0,0,0,0,0,0,3,3,4,Casual Learners,-2.0663332070963287,-2.1651293937913425,0.4972844424396041
2,3,0,0,1,0,0,1,3,5,2,School-Supported,0.26871365203658587,0.34408596418740156,-0.5660317794615447
1,2,0,0,1,0,0,1,2,5,2,School-Supported,0.5032068146149442,0.0781308566764054,-0.25917162529620114
1,2,0,0,0,0,1,1,5,5,1,Offline Independents,-1.6399023275680926,2.4341247821446057,0.03670438367212177
2,2,0,1,1,0,0,1,3,3,3,Connected Achievers,0.6818694971395953,-0.5642278437961623,2.1056232824829824
2,1,0,0,1,0,1,1,5,5,2,School-Supported,-1.8875289372713469,2.007804568268774,0.04154562449418882
1,3,0,1,1,0,0,1,3,4,3,Connected Achievers,1.6426356084723526,0.4449977282366121,2.3867515570829014
1,1,0,0,0,0,0,0,4,4,4,Casual Learners,-2.195986659528945,-0.707291857758284,1.283639730131884
2,1,0,0,0,0,1,0,5,5,4,Casual Learners,-3.3561012079415566,0.6822077257056983,0.8370998678017568
2,1,0,0,1,0,1,1,5,5,2,School-Supported,-1.8875289372713469,2.007804568268774,0.04154562449418882
2,2,0,0,1,0,1,0,3,3,4,Casual Learners,-0.37837924318694477,-1.1727791594257797,0.117180421568396
1,2,0,0,0,0,1,0,4,3,4,Casual Learners,-1.221172197249064,-0.29784698154966344,0.61756619383869
2,1,0,0,0,0,0,1,5,5,1,Offline Independents,-2.883755292036521,1.1328340628210365,0.22311069368489916
2,1,0,0,0,0,1,1,5,5,1,Offline Independents,-2.859158753813707,1.8993287389018396,-0.17976592854408963
2,1,0,0,1,0,1,1,4,3,2,School-Supported,-0.9718563528244683,0.4929538177706461,-0.3944583616850894
1,1,0,0,1,0,1,0,3,2,4,Casual Learners,-0.2840877203168922,-1.3471721028086743,0.6660706747618955
1,1,0,0,1,0,0,1,4,4,2,School-Supported,-0.727414388858735,0.6183049848047915,0.48808548682431585
2,1,0,0,1,0,0,1,5,5,2,School-Supported,-1.9121254754941606,1.2413098921879704,0.44442224672317765
1,1,0,0,0,0,0,1,3,3,1,Offline Independents,-1.0418619358670742,-0.5305920662702613,-0.10457209000953335
1,1,0,0,1,0,0,0,4,4,4,Casual Learners,-1.2243568429865845,-0.5988160283913501,1.5049512831701624
2,1,0,0,1,0,0,1,4,3,2,School-Supported,-0.9964528910472824,-0.2735408583101571,0.008418260543899275
2,3,0,0,1,1,0,0,2,3,4,Casual Learners,1.7042139524529647,-1.951399331234685,-0.11134623952205086
1,2,0,1,1,0,1,1,5,5,3,Connected Achievers,-0.08036968660422793,2.700525590025819,2.8604479717418445
1,1,0,0,1,0,0,0,2,2,4,Casual Learners,0.0900076960814574,-2.6796584718075875,0.7622592355790209
1,1,0,0,0,0,0,1,5,1,1,Offline Independents,-1.3222652152836862,-0.347467738014058,0.3794881080467785
2,2,0,0,0,0,1,1,3,5,1,Offline Independents,-1.3700472354271704,0.8847250819834451,-0.9916810030483142
2,1,0,0,1,0,0,1,4,3,2,School-Supported,-0.9964528910472824,-0.2735408583101571,0.008418260543899275
2,2,0,0,0,0,0,1,4,3,1,Offline Independents,-1.2763550984454328,-0.26463695875926513,-0.4114322441748769
2,2,0,0,0,0,1,1,3,5,1,Offline Independents,-1.3700472354271704,0.8847250819834451,-0.9916810030483142
1,1,0,0,1,0,1,1,4,5,2,School-Supported,-0.9613081655487785,1.8592291896756032,0.1498668269790346
2,2,0,0,1,0,0,1,3,3,2,School-Supported,0.09396667271809107,-0.7221528223104415,-0.49680875254846185
3,1,0,0,1,1,1,1,5,5,0,Supported Studiers,-1.3982875842754015,2.0268747222160166,-0.4996399096295948
3,1,0,0,0,0,0,0,2,3,4,Casual Learners,-2.1951700695765703,-3.148537401034393,-0.22441288286896835
2,2,0,0,1,0,0,1,3,1,2,School-Supported,0.610947302543806,-1.6710118798904587,-0.6261246773158767
2,3,0,0,0,0,0,1,4,5,1,Offline Independents,-1.101608119126938,0.801601827738578,-0.4806552710879597
1,2,0,0,0,0,1,1,3,1,1,Offline Independents,0.19144284132566436,-0.5955767188516493,-0.8353035886864348
2,2,0,0,0,0,1,1,3,3,1,Offline Independents,-0.8530666056014555,-0.06413397559657216,-1.120996927815729
1,2,0,0,0,0,0,0,2,3,4,Casual Learners,-0.44838482622955084,-2.1963250434666874,0.4070666932439521
2,3,0,0,0,0,0,1,2,1,1,Offline Independents,0.7297370497668189,-2.2280996732576765,-1.3526632434465162
1,2,0,0,1,0,0,0,3,4,4,Casual Learners,-0.1339372792212114,-1.0474279923916345,0.9997242700778013
2,2,0,0,1,1,1,1,3,3,0,Supported Studiers,1.1353333810382553,0.4808283220425443,-1.025861645004525
2,2,0,0,0,0,0,0,2,3,4,Casual Learners,-0.9759136433309558,-2.613741357791627,-0.007942570652757048
2,1,0,0,0,0,0,1,3,2,1,Offline Independents,-1.3109004380556213,-1.42243790938521,-0.58423931628995
2,3,0,0,0,0,0,1,3,2,1,Offline Independents,0.0725547802327979,-1.1876784515495582,-0.9813172196509455
3,2,0,0,0,0,0,0,3,4,4,Casual Learners,-2.1606247299663814,-1.9907364504084484,-0.05160581075389533
2,2,0,0,1,0,0,1,3,2,2,School-Supported,0.35245698763094857,-1.1965823511004503,-0.5614667149321694
1,2,0,0,1,0,1,1,3,4,2,School-Supported,0.38760171312945224,0.9361876968853103,-0.42001814849703395
2,2,0,0,0,0,0,0,2,2,4,Casual Learners,-0.7174233284180982,-3.0881708865816355,-0.07260053303646449
2,2,0,0,1,1,0,0,3,4,4,Casual Learners,0.35530407377473405,-1.0283578384443919,0.4585387359540177
2,3,0,0,0,0,0,1,2,2,1,Offline Independents,0.4712467348539614,-1.7536701444676683,-1.2880052810628089
2,1,0,0,1,0,0,1,2,3,2,School-Supported,-0.1990689818049552,-1.4055242441463776,-0.6049578622798274
3,2,0,0,1,0,0,1,2,2,2,School-Supported,0.22362012515070706,-2.1799903583435003,-1.2831640402407418
3,1,0,0,1,0,1,1,3,3,2,School-Supported,-1.1006932153047098,-0.49045418947240405,-1.116155686993662
1,3,0,0,0,0,1,0,4,3,4,Casual Learners,-0.5294445881048543,-0.1804672526318375,0.41902724215819237
1,1,0,0,0,0,1,1,5,5,1,Offline Independents,-2.3316299367123023,2.31674505322678,0.23524333535261951
2,3,0,0,0,0,0,1,4,4,1,Offline Independents,-0.8431178042140807,0.32717229894856936,-0.5453132334716673
1,2,0,0,0,0,1,1,4,3,1,Offline Independents,-0.7242297431212144,0.9192740316464781,-0.3992996025071565
1,2,0,0,1,0,1,1,5,4,2,School-Supported,-0.4097821961128748,2.0681710827215314,0.19335797432669277
1,2,0,0,0,0,1,1,2,4,1,Offline Independents,-0.18533614879174468,0.26172017460026614,-0.9480177629471758
2,1,0,0,0,0,1,1,4,3,1,Offline Independents,-1.9434861693668286,0.3844779884037122,-0.6157699147233678
2,2,0,0,0,0,1,1,4,3,1,Offline Independents,-1.251758560222619,0.5018577173215382,-0.8143088664038657
2,3,0,0,0,0,0,0,3,3,4,Casual Learners,-0.6828779888079094,-1.930369935955691,0.10020653907860855
2,2,0,0,0,0,0,1,5,4,1,Offline Independents,-1.9335373679794539,0.7757842629488537,-0.04008622037930611
3,1,0,0,1,0,1,1,4,3,2,School-Supported,-1.4993851699258731,0.07553750344570628,-0.8094676255817985
1,2,0,0,1,0,0,1,3,4,2,School-Supported,0.3630051749066383,0.16969302080450702,-0.017141526268045264
2,1,0,0,0,0,0,1,4,5,1,Offline Independents,-2.4850633374153577,0.5668423699029262,-0.08357736772696421
3,1,0,0,0,0,0,1,4,1,1,Offline Independents,-1.9786308948653324,-1.7482920595820481,-0.7572184811585032
